customer_id,snapshot_date,city_tier,age_group,acquisition_channel,loyalty_tier,preferred_category,marketing_consent,recency_days,frequency_180d,monetary_180d,return_rate_180d,avg_discount_pct_180d,avg_rating_180d,category_diversity_180d,ticket_count_90d,negative_ticket_rate_90d,avg_resolution_hours_90d,days_since_signup,sessions_30d,product_views_30d,cart_adds_30d,wishlist_adds_30d,abandoned_carts_30d,email_opens_30d,campaign_clicks_30d,last_visit_days_ago,churn_next_60d,split,R_score,F_score,M_score,RFM_score,segment,retention_priority
CUST01148,2025-09-30,Tier 1,35-44,Organic,,Hair Care,No,128,7,5448.0,0.0,0.139,3.86,5,0,0.0,0.0,448,1,3,0,0,0,0,0,26,1,train,2,5,5,12,At Risk,1
CUST00841,2025-09-30,Tier 1,25-34,Organic,,Hair Care,No,99,6,5236.09,0.167,0.19,4.67,3,0,0.0,0.0,330,2,7,1,0,0,0,0,29,0,train,2,5,5,12,At Risk,1
CUST00726,2025-09-30,Tier 3,25-34,Marketplace,,Skin Care,Yes,98,4,4849.51,0.25,0.34,4.5,4,0,0.0,0.0,527,10,55,4,3,3,5,0,19,0,train,2,4,5,11,At Risk,1
CUST00883,2025-09-30,Tier 2,45+,Referral,,Fragrance,Yes,126,2,4600.78,0.0,0.07,2.5,2,0,0.0,0.0,226,1,6,0,0,0,3,1,21,0,train,2,3,5,10,At Risk,1
CUST00042,2025-09-30,Tier 1,35-44,Organic,Silver,Hair Care,Yes,87,5,4306.0,0.0,0.2,3.4,4,2,0.5,9.65,529,3,13,1,0,0,7,2,14,0,train,2,5,5,12,At Risk,1
CUST00675,2025-09-30,Tier 2,35-44,Referral,Silver,Makeup,Yes,130,2,4218.15,0.0,0.235,3.5,1,0,0.0,0.0,548,8,47,1,0,1,4,1,35,0,train,2,3,5,10,At Risk,1
CUST02287,2025-09-30,Tier 3,25-34,Instagram,,Skin Care,Yes,100,2,4208.86,0.0,0.19,5.0,2,0,0.0,0.0,615,0,0,0,0,0,3,1,12,0,test,2,3,5,10,At Risk,1
CUST02154,2025-09-30,Tier 2,35-44,Influencer,Gold,Skin Care,Yes,106,4,3939.57,0.0,0.122,4.0,3,0,0.0,0.0,590,10,32,2,1,1,7,2,24,0,train,2,4,5,11,At Risk,1
CUST00366,2025-09-30,Tier 1,25-34,Instagram,,Hair Care,Yes,92,2,3930.92,0.0,0.235,2.5,2,0,0.0,0.0,536,2,6,1,0,0,0,0,26,0,train,2,3,5,10,At Risk,1
CUST02010,2025-09-30,Tier 1,45+,Referral,,Skin Care,Yes,97,2,3814.95,0.0,0.185,3.5,2,0,0.0,0.0,519,6,19,2,2,1,7,3,24,0,validation,2,3,5,10,At Risk,1
CUST02350,2025-09-30,Tier 1,25-34,Marketplace,,Skin Care,Yes,132,3,3619.51,0.0,0.297,4.33,3,0,0.0,0.0,294,1,5,0,0,0,2,1,21,0,train,2,4,5,11,At Risk,1
CUST02241,2025-09-30,Tier 1,45+,Marketplace,Gold,Makeup,No,114,4,3532.06,0.0,0.147,4.0,3,0,0.0,0.0,181,0,0,0,0,0,0,0,31,1,train,2,4,5,11,At Risk,1
CUST00814,2025-09-30,Tier 3,25-34,Organic,,Skin Care,No,88,2,3500.93,0.0,0.245,4.0,2,0,0.0,0.0,229,14,57,6,0,3,0,0,16,0,train,2,3,5,10,At Risk,1
CUST01976,2025-09-30,Tier 3,18-24,Instagram,,Baby Care,Yes,100,4,3483.16,0.25,0.152,4.5,3,1,1.0,14.4,333,15,52,8,4,4,7,1,25,0,train,2,4,5,11,At Risk,1
CUST01384,2025-09-30,Tier 2,35-44,Marketplace,,Hair Care,Yes,145,2,3420.26,0.5,0.19,4.0,2,0,0.0,0.0,477,5,16,2,1,1,0,0,24,1,validation,2,3,5,10,At Risk,1
CUST00990,2025-09-30,Tier 1,25-34,Influencer,,Hair Care,No,167,3,3332.24,0.0,0.343,3.67,2,0,0.0,0.0,612,6,30,1,1,1,0,0,37,0,validation,1,4,5,10,At Risk,1
CUST01761,2025-09-30,Tier 2,18-24,Google Search,,Baby Care,Yes,89,4,3303.61,0.0,0.297,4.25,3,0,0.0,0.0,542,2,9,1,0,0,4,1,21,0,validation,2,4,5,11,At Risk,1
CUST00208,2025-09-30,Tier 1,18-24,Organic,,Fragrance,Yes,91,4,3282.3,0.0,0.18,4.25,3,1,1.0,8.9,332,2,10,1,0,0,3,1,24,1,train,2,4,5,11,At Risk,1
CUST01519,2025-09-30,Tier 2,18-24,Instagram,,Skin Care,No,105,3,3216.75,0.0,0.167,4.0,2,0,0.0,0.0,228,0,0,0,0,0,0,0,20,0,validation,2,4,5,11,At Risk,1
CUST01036,2025-09-30,Tier 2,25-34,Instagram,,Hair Care,Yes,141,3,3112.55,0.0,0.227,4.67,3,0,0.0,0.0,336,8,33,2,0,1,4,0,29,1,validation,2,4,5,11,At Risk,1
CUST02195,2025-09-30,Tier 1,25-34,Marketplace,,Hair Care,Yes,119,5,3072.43,0.0,0.296,3.8,2,0,0.0,0.0,393,3,14,1,1,1,4,1,26,1,train,2,5,5,12,At Risk,1
CUST02169,2025-09-30,Tier 3,18-24,Referral,Gold,Hair Care,Yes,94,4,3065.81,0.0,0.167,3.0,2,0,0.0,0.0,411,9,50,4,1,3,6,1,16,0,train,2,4,5,11,At Risk,1
CUST01515,2025-09-30,Tier 2,25-34,Organic,,Skin Care,No,96,3,3057.74,0.0,0.217,4.0,2,0,0.0,0.0,593,4,23,0,0,0,0,0,20,0,train,2,4,5,11,At Risk,1
CUST02300,2025-09-30,Tier 1,18-24,Google Search,,Skin Care,Yes,104,3,3051.79,0.0,0.143,3.67,2,0,0.0,0.0,377,1,4,1,0,0,3,1,29,0,validation,2,4,5,11,At Risk,1
CUST00211,2025-09-30,Tier 2,35-44,Instagram,,Makeup,Yes,90,2,3032.55,0.0,0.38,4.0,2,0,0.0,0.0,336,4,20,2,1,1,1,0,9,0,train,2,3,5,10,At Risk,1
CUST01135,2025-09-30,Tier 1,35-44,Influencer,,Fragrance,No,93,2,2933.65,0.0,0.275,4.0,2,0,0.0,0.0,384,2,6,1,1,1,0,0,18,1,train,2,3,5,10,At Risk,1
CUST00541,2025-09-30,Tier 2,45+,Google Search,,Makeup,Yes,132,4,2894.17,0.0,0.34,3.75,4,0,0.0,0.0,417,1,5,0,0,0,6,2,31,0,train,2,4,5,11,At Risk,1
CUST02289,2025-09-30,Tier 1,25-34,Organic,,Skin Care,No,93,3,2844.33,0.0,0.327,3.33,2,0,0.0,0.0,277,6,27,2,1,0,0,0,6,0,train,2,4,5,11,At Risk,1
CUST02189,2025-09-30,Tier 1,18-24,Google Search,,Wellness,Yes,87,4,2813.78,0.0,0.263,3.75,3,0,0.0,0.0,251,6,17,0,1,0,5,0,17,0,train,2,4,5,11,At Risk,1
CUST01717,2025-09-30,Tier 2,18-24,Marketplace,Silver,Makeup,Yes,125,2,2810.44,0.0,0.34,4.5,1,0,0.0,0.0,292,6,22,2,1,1,1,0,12,0,train,2,3,5,10,At Risk,1
CUST01028,2025-09-30,Tier 2,25-34,Organic,Silver,Fragrance,Yes,173,1,2809.6,0.0,0.26,4.0,1,0,0.0,0.0,173,6,20,3,0,1,0,0,45,1,test,1,2,5,8,At Risk,1
CUST00687,2025-09-30,Tier 2,25-34,Marketplace,,Makeup,No,117,3,2804.77,0.0,0.31,4.0,3,0,0.0,0.0,309,1,4,0,0,0,0,0,34,1,train,2,4,5,11,At Risk,1
CUST01189,2025-09-30,Tier 1,25-34,Organic,,Hair Care,No,161,2,2721.23,0.0,0.06,1.0,1,0,0.0,0.0,474,7,34,2,1,1,0,0,16,1,train,1,3,5,9,At Risk,1
CUST00507,2025-09-30,Tier 2,35-44,Referral,Silver,Wellness,No,120,1,2716.4,0.0,0.31,4.0,1,0,0.0,0.0,559,1,5,0,0,0,0,0,26,1,test,2,2,5,9,At Risk,1
CUST01829,2025-09-30,Tier 2,18-24,Instagram,Gold,Baby Care,Yes,101,3,2668.19,0.0,0.22,4.0,2,0,0.0,0.0,608,4,14,1,0,0,2,0,17,1,train,2,4,5,11,At Risk,1
CUST01511,2025-09-30,Tier 2,25-34,Google Search,,Fragrance,Yes,88,4,2601.14,0.0,0.135,3.75,3,0,0.0,0.0,197,11,44,4,3,2,6,1,28,0,train,2,4,5,11,At Risk,1
CUST00878,2025-09-30,Tier 2,18-24,Marketplace,,Baby Care,Yes,134,2,2578.68,0.0,0.13,2.5,2,0,0.0,0.0,217,12,66,3,3,2,6,1,14,0,test,2,3,5,10,At Risk,1
CUST00879,2025-09-30,Tier 2,35-44,Instagram,Gold,Wellness,No,155,2,2576.47,0.0,0.27,3.5,2,0,0.0,0.0,410,4,10,1,1,0,0,0,24,1,train,1,3,5,9,At Risk,1
CUST00815,2025-09-30,Tier 3,18-24,Referral,Silver,Skin Care,Yes,137,2,2569.54,0.0,0.26,4.0,2,0,0.0,0.0,396,3,12,1,0,0,0,0,31,0,test,2,3,5,10,At Risk,1
CUST00225,2025-09-30,Tier 1,18-24,Instagram,Silver,Wellness,Yes,88,2,2563.85,0.0,0.335,5.0,2,0,0.0,0.0,521,3,9,1,0,0,3,0,19,1,train,2,3,5,10,At Risk,1
CUST02061,2025-09-30,Tier 3,25-34,Marketplace,Platinum,Wellness,Yes,102,4,2511.93,0.0,0.168,4.25,3,0,0.0,0.0,325,7,34,2,2,1,2,1,13,0,train,2,4,5,11,At Risk,1
CUST01591,2025-09-30,Tier 3,25-34,Referral,,Baby Care,No,136,2,2478.69,0.0,0.3,2.5,2,0,0.0,0.0,241,4,15,2,1,1,0,0,23,1,train,2,3,5,10,At Risk,1
CUST00244,2025-09-30,Tier 2,25-34,Marketplace,,Skin Care,Yes,144,2,2449.86,0.0,0.225,3.0,1,0,0.0,0.0,233,1,5,1,0,1,0,0,23,1,train,2,3,5,10,At Risk,1
CUST02329,2025-09-30,Tier 2,35-44,Google Search,Silver,Baby Care,Yes,90,3,2353.05,0.0,0.107,4.67,2,0,0.0,0.0,380,7,30,3,1,2,6,3,17,0,test,2,4,5,11,At Risk,1
CUST01424,2025-09-30,Tier 2,25-34,Referral,Gold,Hair Care,Yes,93,1,2318.97,0.0,0.43,5.0,1,0,0.0,0.0,469,3,12,1,0,0,0,0,24,0,validation,2,2,5,9,At Risk,1
CUST01832,2025-09-30,Tier 2,25-34,Influencer,,Fragrance,Yes,95,3,2313.58,0.0,0.28,4.67,2,0,0.0,0.0,525,3,14,1,1,1,6,0,30,1,train,2,4,5,11,At Risk,1
CUST01507,2025-09-30,Tier 3,35-44,Instagram,Silver,Baby Care,Yes,125,2,2311.37,0.5,0.19,4.0,2,0,0.0,0.0,280,5,28,1,0,0,1,0,33,1,train,2,3,5,10,At Risk,1
CUST00432,2025-09-30,Tier 2,25-34,Marketplace,,Hair Care,Yes,112,2,2306.14,0.0,0.18,3.5,1,0,0.0,0.0,241,9,30,4,2,2,9,0,18,1,train,2,3,5,10,At Risk,1
CUST00765,2025-09-30,Tier 3,18-24,Google Search,,Wellness,No,98,2,2264.58,0.0,0.385,3.0,1,0,0.0,0.0,539,2,7,1,0,1,0,0,12,1,test,2,3,5,10,At Risk,1
CUST00795,2025-09-30,Tier 1,18-24,Google Search,Gold,Hair Care,No,138,2,2258.74,0.0,0.16,3.5,2,0,0.0,0.0,206,2,7,1,1,0,0,0,30,1,validation,2,3,5,10,At Risk,1
CUST01196,2025-09-30,Tier 1,25-34,Influencer,,Makeup,Yes,111,2,2239.79,0.5,0.285,5.0,2,0,0.0,0.0,584,9,30,2,2,1,5,1,16,1,test,2,3,5,10,At Risk,1
CUST00856,2025-09-30,Tier 1,18-24,Influencer,Silver,Wellness,Yes,135,1,2235.84,0.0,0.19,5.0,1,0,0.0,0.0,316,1,6,0,0,0,7,3,27,0,train,2,2,5,9,At Risk,1
CUST00870,2025-09-30,Tier 1,35-44,Influencer,,Makeup,Yes,86,3,2224.05,0.0,0.297,3.0,2,0,0.0,0.0,450,13,56,4,1,2,5,0,37,0,train,2,4,5,11,At Risk,1
CUST02298,2025-09-30,Tier 1,25-34,Organic,Gold,Baby Care,Yes,100,3,2204.46,0.0,0.413,3.33,3,0,0.0,0.0,418,13,60,7,2,3,0,0,36,1,test,2,4,5,11,At Risk,1
CUST02035,2025-09-30,Tier 2,18-24,Google Search,Gold,Wellness,Yes,93,3,2201.39,0.0,0.22,2.33,2,0,0.0,0.0,264,0,0,0,0,0,6,1,23,1,test,2,4,5,11,At Risk,1
CUST01668,2025-09-30,Tier 1,35-44,Google Search,Silver,Skin Care,Yes,106,3,2195.57,0.0,0.37,4.33,3,0,0.0,0.0,613,7,36,4,1,1,5,0,14,1,validation,2,4,5,11,At Risk,1
CUST00266,2025-09-30,Tier 1,45+,Organic,,Skin Care,Yes,158,2,2193.55,0.5,0.295,2.5,1,0,0.0,0.0,562,1,4,0,0,0,0,0,22,1,test,1,3,5,9,At Risk,1
CUST01442,2025-09-30,Tier 3,25-34,Instagram,Gold,Hair Care,Yes,105,3,2184.02,0.333,0.217,4.67,2,0,0.0,0.0,317,9,48,2,1,1,3,1,18,0,test,2,4,5,11,At Risk,1
CUST01186,2025-09-30,Tier 1,18-24,Google Search,,Fragrance,Yes,153,2,2183.8,0.0,0.235,4.0,1,0,0.0,0.0,248,1,3,0,0,0,0,0,36,1,train,1,3,5,9,At Risk,1
CUST01574,2025-09-30,Tier 2,25-34,Referral,,Hair Care,Yes,161,2,2180.97,0.0,0.345,5.0,2,0,0.0,0.0,233,2,9,0,0,0,2,1,35,1,test,1,3,5,9,At Risk,1
CUST01733,2025-09-30,Tier 3,25-34,Organic,,Fragrance,Yes,92,3,2167.49,0.667,0.15,4.0,3,0,0.0,0.0,337,2,10,0,0,0,4,0,18,1,train,2,4,5,11,At Risk,1
CUST01053,2025-09-30,Tier 1,18-24,Influencer,Silver,Skin Care,No,146,1,2124.84,0.0,0.0,5.0,1,0,0.0,0.0,557,0,0,0,0,0,0,0,32,1,validation,2,2,5,9,At Risk,1
CUST00123,2025-09-30,Tier 2,18-24,Google Search,Silver,Baby Care,No,102,4,2117.52,0.0,0.335,4.0,3,0,0.0,0.0,301,2,6,1,0,1,0,0,23,0,train,2,4,5,11,At Risk,1
CUST01774,2025-09-30,Tier 1,18-24,Google Search,Gold,Skin Care,Yes,152,3,2110.43,0.333,0.297,4.67,2,0,0.0,0.0,513,0,0,0,0,0,5,2,22,1,train,1,4,5,10,At Risk,1
CUST01136,2025-09-30,Tier 2,35-44,Instagram,,Hair Care,No,97,3,2094.46,0.333,0.24,3.67,3,1,0.0,19.5,493,1,6,0,0,0,0,0,31,0,train,2,4,5,11,At Risk,1
CUST01438,2025-09-30,Tier 2,25-34,Instagram,,Baby Care,Yes,157,2,2087.95,0.0,0.305,4.5,2,0,0.0,0.0,185,0,0,0,0,0,3,0,36,1,train,1,3,5,9,At Risk,1
CUST01495,2025-09-30,Tier 1,18-24,Marketplace,Silver,Skin Care,Yes,89,3,2084.73,0.0,0.26,4.0,2,1,1.0,8.5,538,0,0,0,0,0,4,0,7,0,train,2,4,5,11,At Risk,1
CUST00826,2025-09-30,Tier 2,35-44,Marketplace,,Makeup,No,158,2,2063.86,0.0,0.265,3.5,2,0,0.0,0.0,576,9,28,4,2,2,0,0,34,1,train,1,3,5,9,At Risk,1
CUST02348,2025-09-30,Tier 1,25-34,Organic,,Fragrance,Yes,115,1,2063.46,0.0,0.22,2.0,1,0,0.0,0.0,321,6,21,1,0,0,3,1,33,0,train,2,2,5,9,At Risk,1
CUST00122,2025-09-30,Tier 2,25-34,Google Search,Gold,Hair Care,Yes,106,2,2048.93,0.0,0.36,4.0,2,0,0.0,0.0,189,10,39,1,2,1,10,4,30,1,train,2,3,5,10,At Risk,1
CUST02199,2025-09-30,Tier 2,35-44,Organic,,Skin Care,Yes,96,3,2042.03,0.333,0.2,4.33,2,1,1.0,26.0,344,3,13,1,0,0,0,0,16,1,train,2,4,5,11,At Risk,1
CUST01253,2025-09-30,Tier 2,45+,Referral,,Makeup,Yes,99,2,2035.62,0.0,0.15,4.0,2,0,0.0,0.0,298,13,62,4,3,2,7,1,27,1,test,2,3,5,10,At Risk,1
CUST00734,2025-09-30,Tier 2,25-34,Google Search,,Skin Care,Yes,89,2,2020.81,0.0,0.38,4.5,2,0,0.0,0.0,531,6,19,3,0,2,4,0,30,0,test,2,3,5,10,At Risk,1
CUST00599,2025-09-30,Tier 3,25-34,Marketplace,,Baby Care,Yes,169,2,2008.74,0.0,0.095,3.5,2,0,0.0,0.0,407,2,9,1,0,1,5,1,29,0,train,1,3,5,9,At Risk,1
CUST02246,2025-09-30,Tier 2,18-24,Instagram,,Fragrance,Yes,153,3,2005.87,0.0,0.307,4.0,3,0,0.0,0.0,302,6,19,3,2,2,2,1,30,1,train,1,4,5,10,At Risk,1
CUST01295,2025-09-30,Tier 1,35-44,Organic,Platinum,Makeup,Yes,121,3,1979.11,0.333,0.14,3.0,2,0,0.0,0.0,341,11,53,6,3,3,2,0,20,1,train,2,4,5,11,At Risk,1
CUST01759,2025-09-30,Tier 1,35-44,Marketplace,,Baby Care,Yes,89,2,1973.57,0.0,0.38,5.0,2,0,0.0,0.0,123,3,17,1,1,1,1,0,21,1,train,2,3,5,10,At Risk,1
CUST01445,2025-09-30,Tier 1,35-44,Instagram,,Hair Care,Yes,115,2,1969.1,0.5,0.305,4.0,2,0,0.0,0.0,466,2,5,1,1,0,8,0,29,1,train,2,3,5,10,At Risk,1
CUST00630,2025-09-30,Tier 2,25-34,Instagram,Platinum,Skin Care,Yes,93,2,1967.63,0.0,0.285,3.5,2,0,0.0,0.0,359,20,112,9,5,5,8,1,13,0,train,2,3,5,10,At Risk,1
CUST00709,2025-09-30,Tier 1,18-24,Instagram,,Fragrance,Yes,129,1,1966.47,0.0,0.13,3.0,1,0,0.0,0.0,270,0,0,0,0,0,4,0,17,1,test,2,2,5,9,At Risk,1
CUST01588,2025-09-30,Tier 1,25-34,Instagram,Silver,Wellness,No,145,3,1959.15,0.0,0.19,4.0,2,0,0.0,0.0,239,2,6,1,0,0,0,0,38,1,test,2,4,5,11,At Risk,1
CUST00623,2025-09-30,Tier 2,35-44,Marketplace,Silver,Skin Care,Yes,108,4,1945.71,0.25,0.323,4.5,4,0,0.0,0.0,231,18,70,2,3,1,7,2,15,0,train,2,4,5,11,At Risk,1
CUST01844,2025-09-30,Tier 1,25-34,Organic,Silver,Skin Care,Yes,125,2,1933.86,0.0,0.205,4.0,2,0,0.0,0.0,624,8,47,3,0,2,1,0,18,0,train,2,3,5,10,At Risk,1
CUST00423,2025-09-30,Tier 1,45+,Marketplace,Silver,Baby Care,Yes,135,2,1922.89,0.0,0.24,2.5,2,0,0.0,0.0,319,1,5,1,0,0,2,0,39,1,train,2,3,5,10,At Risk,1
CUST00527,2025-09-30,Tier 1,18-24,Marketplace,Silver,Hair Care,No,113,1,1920.65,0.0,0.32,2.0,1,0,0.0,0.0,444,1,5,0,0,0,0,0,23,0,train,2,2,5,9,At Risk,1
CUST01491,2025-09-30,Tier 2,25-34,Marketplace,Silver,Fragrance,Yes,87,2,1889.89,0.0,0.245,4.5,2,0,0.0,0.0,365,6,24,2,2,0,0,0,16,0,train,2,3,4,9,At Risk,1
CUST02243,2025-09-30,Tier 2,18-24,Instagram,Silver,Hair Care,No,133,2,1888.92,0.0,0.135,4.5,2,0,0.0,0.0,398,7,33,3,1,1,0,0,31,1,train,2,3,4,9,At Risk,1
CUST00573,2025-09-30,Tier 2,35-44,Google Search,Silver,Makeup,Yes,125,3,1879.54,0.0,0.323,3.67,3,0,0.0,0.0,315,0,0,0,0,0,0,0,25,1,train,2,4,4,10,At Risk,1
CUST01321,2025-09-30,Tier 3,35-44,Instagram,,Hair Care,Yes,99,5,1878.1,0.0,0.36,4.0,3,0,0.0,0.0,571,12,32,1,1,0,8,2,17,0,train,2,5,4,11,At Risk,1
CUST01828,2025-09-30,Tier 1,35-44,Instagram,,Skin Care,Yes,122,3,1876.83,0.0,0.287,4.0,3,0,0.0,0.0,238,5,18,2,1,0,6,3,16,1,train,2,4,4,10,At Risk,1
CUST02006,2025-09-30,Tier 1,25-34,Influencer,,Fragrance,Yes,99,1,1872.67,0.0,0.23,4.0,1,0,0.0,0.0,408,2,9,0,0,0,0,0,12,0,train,2,2,4,8,At Risk,1
CUST01777,2025-09-30,Tier 2,18-24,Marketplace,,Skin Care,Yes,167,2,1872.12,0.0,0.19,4.5,2,0,0.0,0.0,397,6,31,0,1,0,3,1,44,1,validation,1,3,4,8,At Risk,1
CUST00982,2025-09-30,Tier 1,35-44,Instagram,,Makeup,Yes,90,4,1862.89,0.0,0.33,3.75,3,0,0.0,0.0,157,4,17,2,1,1,4,2,11,0,validation,2,4,4,10,At Risk,1
CUST01757,2025-09-30,Tier 2,45+,Google Search,Silver,Hair Care,No,167,2,1856.03,0.0,0.115,4.0,2,0,0.0,0.0,223,1,5,0,0,0,0,0,40,1,train,1,3,4,8,At Risk,1
CUST01550,2025-09-30,Tier 2,45+,Influencer,,Baby Care,Yes,109,4,1841.6,0.0,0.27,4.25,2,0,0.0,0.0,449,5,28,3,1,1,4,0,37,1,train,2,4,4,10,At Risk,1
CUST00835,2025-09-30,Tier 1,25-34,Instagram,Gold,Makeup,No,157,3,1837.3,0.0,0.29,4.33,3,0,0.0,0.0,626,8,23,4,1,3,0,0,12,1,validation,1,4,4,9,At Risk,1
CUST01460,2025-09-30,Tier 1,35-44,Referral,,Wellness,No,128,3,1836.58,0.0,0.173,2.67,3,0,0.0,0.0,481,4,15,1,1,0,0,0,37,1,train,2,4,4,10,At Risk,1
CUST02131,2025-09-30,Tier 1,25-34,Instagram,,Skin Care,No,93,3,1836.28,0.0,0.337,4.0,2,0,0.0,0.0,424,2,9,0,1,0,0,0,29,0,validation,2,4,4,10,At Risk,1
CUST01079,2025-09-30,Tier 2,25-34,Google Search,,Skin Care,Yes,177,1,1832.92,0.0,0.1,4.0,1,0,0.0,0.0,183,5,20,1,1,0,2,0,33,1,test,1,2,4,7,At Risk,1
CUST02262,2025-09-30,Tier 2,25-34,Instagram,Silver,Hair Care,No,97,2,1826.68,0.0,0.27,4.5,2,0,0.0,0.0,274,0,0,0,0,0,0,0,30,1,train,2,3,4,9,At Risk,1
CUST00165,2025-09-30,Tier 2,18-24,Instagram,Gold,Skin Care,Yes,103,3,1825.77,0.0,0.31,4.67,1,0,0.0,0.0,249,2,8,0,0,0,0,0,15,0,validation,2,4,4,10,At Risk,1
CUST01234,2025-09-30,Tier 1,25-34,Google Search,,Hair Care,Yes,115,2,1809.4,0.0,0.215,4.5,2,0,0.0,0.0,216,3,10,1,1,0,4,1,32,1,train,2,3,4,9,At Risk,1
CUST00981,2025-09-30,Tier 2,25-34,Organic,Gold,Fragrance,Yes,103,2,1804.73,0.0,0.29,4.5,2,0,0.0,0.0,487,6,16,3,1,2,1,0,22,0,validation,2,3,4,9,At Risk,1
CUST01650,2025-09-30,Tier 1,35-44,Instagram,Silver,Makeup,Yes,102,1,1797.67,0.0,0.41,4.0,1,0,0.0,0.0,114,9,38,2,1,1,8,3,21,0,train,2,2,4,8,At Risk,1
CUST00419,2025-09-30,Tier 1,18-24,Instagram,,Skin Care,Yes,98,2,1795.1,0.0,0.3,5.0,1,0,0.0,0.0,135,12,50,3,2,2,5,1,30,1,train,2,3,4,9,At Risk,1
CUST00493,2025-09-30,Tier 1,45+,Marketplace,Silver,Makeup,Yes,108,2,1757.06,0.5,0.285,3.0,2,0,0.0,0.0,374,10,41,4,2,2,8,3,21,1,test,2,3,4,9,At Risk,1
CUST00302,2025-09-30,Tier 2,18-24,Google Search,Silver,Baby Care,Yes,148,2,1740.35,0.5,0.38,4.5,2,0,0.0,0.0,476,4,12,2,1,1,6,2,27,1,train,1,3,4,8,At Risk,1
CUST02228,2025-09-30,Tier 2,25-34,Referral,Silver,Baby Care,Yes,87,2,1733.9,0.5,0.325,4.5,2,1,0.0,18.9,313,4,15,1,1,1,1,0,3,1,train,2,3,4,9,At Risk,1
CUST00793,2025-09-30,Tier 2,25-34,Referral,Silver,Baby Care,Yes,113,1,1730.51,0.0,0.26,5.0,1,0,0.0,0.0,338,1,5,0,0,0,3,1,4,1,train,2,2,4,8,At Risk,1
CUST00472,2025-09-30,Tier 1,18-24,Marketplace,,Fragrance,Yes,114,1,1728.07,0.0,0.04,5.0,1,0,0.0,0.0,426,0,0,0,0,0,0,0,29,0,train,2,2,4,8,At Risk,1
CUST00497,2025-09-30,Tier 1,25-34,Referral,,Hair Care,Yes,159,1,1724.62,0.0,0.14,2.0,1,0,0.0,0.0,164,1,5,0,0,0,6,2,32,1,train,1,2,4,7,At Risk,1
CUST00294,2025-09-30,Tier 2,25-34,Referral,Platinum,Skin Care,Yes,102,1,1714.42,0.0,0.12,5.0,1,0,0.0,0.0,124,15,54,6,3,2,12,6,35,0,train,2,2,4,8,At Risk,1
CUST00057,2025-09-30,Tier 2,25-34,Google Search,,Hair Care,Yes,136,1,1713.34,0.0,0.14,3.0,1,0,0.0,0.0,250,7,21,1,0,0,9,1,29,1,train,2,2,4,8,At Risk,1
CUST01653,2025-09-30,Tier 2,45+,Google Search,Silver,Skin Care,No,87,2,1706.87,0.0,0.21,5.0,1,1,1.0,10.3,287,0,0,0,0,0,0,0,5,1,train,2,3,4,9,At Risk,1
CUST00871,2025-09-30,Tier 2,45+,Influencer,,Fragrance,No,122,3,1703.85,0.0,0.243,3.33,2,0,0.0,0.0,474,3,14,1,1,1,0,0,23,1,train,2,4,4,10,At Risk,1
CUST00869,2025-09-30,Tier 1,25-34,Instagram,,Skin Care,Yes,93,3,1700.01,0.0,0.347,2.67,1,0,0.0,0.0,362,0,0,0,0,0,1,0,4,1,validation,2,4,4,10,At Risk,1
CUST02281,2025-09-30,Tier 2,25-34,Instagram,,Baby Care,Yes,120,2,1698.68,0.0,0.24,4.0,1,0,0.0,0.0,167,8,45,1,1,1,3,0,28,1,train,2,3,4,9,At Risk,1
CUST00072,2025-09-30,Tier 1,35-44,Organic,,Skin Care,Yes,90,2,1697.84,0.0,0.21,2.5,2,0,0.0,0.0,343,7,26,3,2,2,5,1,26,1,train,2,3,4,9,At Risk,1
CUST00183,2025-09-30,Tier 2,25-34,Instagram,,Fragrance,Yes,152,1,1689.98,0.0,0.18,5.0,1,0,0.0,0.0,503,1,6,0,0,0,4,1,26,1,test,1,2,4,7,At Risk,1
CUST00304,2025-09-30,Tier 2,25-34,Influencer,,Baby Care,Yes,87,2,1687.98,0.0,0.205,3.5,2,0,0.0,0.0,257,4,19,1,1,1,8,3,5,1,train,2,3,4,9,At Risk,1
CUST02118,2025-09-30,Tier 3,35-44,Organic,Silver,Skin Care,No,93,1,1687.7,0.0,0.45,5.0,1,0,0.0,0.0,573,5,23,2,1,1,0,0,19,1,train,2,2,4,8,At Risk,1
CUST00514,2025-09-30,Tier 1,35-44,Influencer,,Makeup,Yes,93,1,1687.55,0.0,0.2,5.0,1,0,0.0,0.0,95,11,55,1,0,0,10,4,13,1,validation,2,2,4,8,At Risk,1
CUST01510,2025-09-30,Tier 2,18-24,Referral,,Skin Care,Yes,132,2,1667.1,0.0,0.315,2.5,2,0,0.0,0.0,206,7,38,1,1,1,5,2,32,1,test,2,3,4,9,At Risk,1
CUST01481,2025-09-30,Tier 3,25-34,Organic,Silver,Skin Care,Yes,122,2,1650.56,0.0,0.34,3.0,2,0,0.0,0.0,411,4,11,1,0,0,2,1,17,1,train,2,3,4,9,At Risk,1
CUST01124,2025-09-30,Tier 1,25-34,Instagram,Silver,Fragrance,No,172,3,1635.22,0.0,0.333,4.0,2,0,0.0,0.0,504,9,33,1,3,1,0,0,25,1,train,1,4,4,9,At Risk,1
CUST01068,2025-09-30,Tier 2,25-34,Marketplace,Silver,Baby Care,Yes,130,2,1631.92,0.0,0.165,4.5,2,0,0.0,0.0,267,2,11,1,0,1,1,0,16,1,train,2,3,4,9,At Risk,1
CUST00378,2025-09-30,Tier 2,18-24,Instagram,,Skin Care,Yes,99,1,1622.32,0.0,0.29,4.0,1,0,0.0,0.0,114,4,10,2,0,1,1,0,1,1,train,2,2,4,8,At Risk,1
CUST00109,2025-09-30,Tier 1,25-34,Instagram,Silver,Skin Care,Yes,92,2,1622.28,0.0,0.255,4.5,2,0,0.0,0.0,492,1,4,0,0,0,3,1,16,0,test,2,3,4,9,At Risk,1
CUST00796,2025-09-30,Tier 2,18-24,Influencer,Silver,Skin Care,Yes,151,1,1622.25,0.0,0.28,5.0,1,0,0.0,0.0,430,8,23,4,2,2,0,0,19,1,test,1,2,4,7,At Risk,1
CUST00132,2025-09-30,Tier 2,35-44,Organic,,Skin Care,Yes,117,1,1621.76,0.0,0.18,3.0,1,0,0.0,0.0,537,1,3,0,0,0,6,0,24,1,train,2,2,4,8,At Risk,1
CUST00004,2025-09-30,Tier 3,25-34,Google Search,,Fragrance,No,131,1,1604.04,0.0,0.16,2.0,1,0,0.0,0.0,168,1,6,0,0,0,0,0,14,1,train,2,2,4,8,At Risk,1
CUST00960,2025-09-30,Tier 1,25-34,Marketplace,,Skin Care,Yes,146,1,1599.13,1.0,0.08,4.0,1,0,0.0,0.0,388,1,3,0,0,0,0,0,16,1,train,2,2,4,8,At Risk,1
CUST01797,2025-09-30,Tier 2,35-44,Influencer,Silver,Baby Care,No,117,1,1593.85,1.0,0.0,3.0,1,0,0.0,0.0,176,6,35,3,0,1,0,0,31,1,train,2,2,4,8,At Risk,1
CUST02145,2025-09-30,Tier 1,25-34,Marketplace,,Skin Care,No,111,1,1591.08,0.0,0.19,5.0,1,0,0.0,0.0,619,2,9,0,0,0,0,0,23,1,train,2,2,4,8,At Risk,1
CUST01779,2025-09-30,Tier 2,25-34,Instagram,,Fragrance,Yes,167,1,1574.84,0.0,0.21,3.0,1,0,0.0,0.0,498,3,14,0,1,0,4,2,37,1,train,1,2,4,7,At Risk,1
CUST00180,2025-09-30,Tier 2,35-44,Google Search,,Hair Care,No,96,2,1570.85,0.5,0.26,1.5,1,0,0.0,0.0,173,9,29,1,2,1,0,0,18,1,train,2,3,4,9,At Risk,1
CUST00618,2025-09-30,Tier 3,45+,Instagram,Gold,Wellness,Yes,92,2,1570.53,0.0,0.215,4.5,2,0,0.0,0.0,252,8,26,3,2,0,7,3,2,0,train,2,3,4,9,At Risk,1
CUST01756,2025-09-30,Tier 1,25-34,Marketplace,Silver,Skin Care,Yes,90,2,1557.58,0.0,0.215,4.5,2,0,0.0,0.0,409,12,52,4,3,3,5,2,8,0,validation,2,3,4,9,At Risk,1
CUST00358,2025-09-30,Tier 3,25-34,Marketplace,,Hair Care,Yes,101,2,1523.36,0.0,0.335,4.0,2,0,0.0,0.0,193,4,17,1,0,1,4,0,1,1,train,2,3,4,9,At Risk,1
CUST01734,2025-09-30,Tier 1,35-44,Google Search,Silver,Makeup,Yes,160,1,1515.59,0.0,0.22,4.0,1,0,0.0,0.0,617,2,12,0,1,0,1,0,39,1,validation,1,2,4,7,At Risk,1
CUST01607,2025-09-30,Tier 1,25-34,Referral,,Fragrance,No,155,1,1515.3,0.0,0.23,4.0,1,0,0.0,0.0,504,7,24,1,1,1,0,0,37,1,train,1,2,4,7,At Risk,1
CUST00089,2025-09-30,Tier 3,25-34,Marketplace,,Hair Care,Yes,165,1,1513.5,0.0,0.4,3.0,1,0,0.0,0.0,498,12,40,1,2,0,6,3,31,1,train,1,2,4,7,At Risk,1
CUST00464,2025-09-30,Tier 1,35-44,Referral,Platinum,Skin Care,Yes,106,3,1513.01,0.0,0.357,2.33,3,0,0.0,0.0,595,6,17,1,0,0,2,1,20,1,validation,2,4,4,10,At Risk,1
CUST02186,2025-09-30,Tier 2,25-34,Referral,Gold,Hair Care,Yes,122,2,1512.69,0.0,0.2,4.5,2,0,0.0,0.0,363,5,16,2,1,1,3,1,26,1,validation,2,3,4,9,At Risk,1
CUST01499,2025-09-30,Tier 1,18-24,Referral,Silver,Makeup,No,133,1,1510.54,0.0,0.25,3.0,1,0,0.0,0.0,543,3,16,0,0,0,0,0,28,1,validation,2,2,4,8,At Risk,1
CUST01918,2025-09-30,Tier 1,35-44,Referral,,Hair Care,Yes,170,1,1508.27,0.0,0.22,5.0,1,0,0.0,0.0,330,1,5,0,0,0,3,1,39,1,train,1,2,4,7,At Risk,1
CUST00425,2025-09-30,Tier 1,35-44,Organic,,Hair Care,Yes,113,2,1502.44,0.0,0.195,4.0,2,0,0.0,0.0,152,12,46,4,2,2,9,2,25,0,train,2,3,4,9,At Risk,1
CUST02081,2025-09-30,Tier 3,25-34,Referral,Gold,Makeup,Yes,166,2,1498.69,0.0,0.375,4.5,2,0,0.0,0.0,550,3,10,1,0,0,4,1,45,1,train,1,3,4,8,At Risk,1
CUST02117,2025-09-30,Tier 1,35-44,Instagram,,Fragrance,Yes,92,1,1497.9,0.0,0.22,3.0,1,0,0.0,0.0,369,6,30,3,1,1,7,2,18,0,test,2,2,4,8,At Risk,1
CUST01718,2025-09-30,Tier 1,18-24,Google Search,Platinum,Skin Care,Yes,133,3,1495.2,0.0,0.3,3.67,3,0,0.0,0.0,629,4,11,1,1,0,5,2,19,0,train,2,4,4,10,At Risk,1
CUST01279,2025-09-30,Tier 1,25-34,Organic,Silver,Makeup,Yes,101,1,1494.42,1.0,0.35,4.0,1,0,0.0,0.0,157,3,12,1,0,0,3,1,31,1,test,2,2,4,8,At Risk,1
CUST02382,2025-09-30,Tier 1,25-34,Organic,Silver,Makeup,Yes,89,2,1493.47,0.0,0.21,4.0,2,0,0.0,0.0,605,4,21,0,1,0,7,2,7,0,train,2,3,4,9,At Risk,1
CUST00099,2025-09-30,Tier 2,45+,Organic,,Fragrance,Yes,144,2,1471.51,0.0,0.105,5.0,1,0,0.0,0.0,490,4,17,2,1,0,5,2,27,0,train,2,3,4,9,At Risk,1
CUST02392,2025-09-30,Tier 2,18-24,Instagram,,Makeup,Yes,96,2,1468.46,0.0,0.335,2.5,2,0,0.0,0.0,389,2,9,1,0,0,2,1,20,1,train,2,3,4,9,At Risk,1
CUST02170,2025-09-30,Tier 1,35-44,Marketplace,Silver,Hair Care,Yes,138,2,1462.05,0.5,0.31,4.0,1,0,0.0,0.0,533,3,17,1,0,1,2,1,25,1,train,2,3,4,9,At Risk,1
CUST02107,2025-09-30,Tier 1,35-44,Organic,,Skin Care,Yes,90,2,1460.48,0.0,0.25,5.0,1,0,0.0,0.0,345,8,46,1,0,0,7,1,30,1,train,2,3,4,9,At Risk,1
CUST01962,2025-09-30,Tier 1,25-34,Marketplace,,Fragrance,No,142,2,1458.09,0.0,0.21,4.5,2,0,0.0,0.0,515,2,9,0,0,0,0,0,23,1,train,2,3,4,9,At Risk,1
CUST01639,2025-09-30,Tier 2,25-34,Organic,Silver,Skin Care,No,166,1,1450.38,0.0,0.0,4.0,1,0,0.0,0.0,480,3,10,1,1,0,0,0,29,1,train,1,2,4,7,At Risk,1
CUST01871,2025-09-30,Tier 2,35-44,Instagram,,Hair Care,No,100,1,1448.69,0.0,0.06,5.0,1,0,0.0,0.0,126,1,5,0,0,0,0,0,30,1,validation,2,2,4,8,At Risk,1
CUST01452,2025-09-30,Tier 1,25-34,Instagram,Platinum,Makeup,Yes,116,1,1448.27,0.0,0.42,2.0,1,0,0.0,0.0,409,10,52,5,2,1,4,0,18,1,test,2,2,4,8,At Risk,1
CUST02301,2025-09-30,Tier 1,25-34,Instagram,Gold,Skin Care,Yes,126,3,1446.59,0.0,0.273,4.0,2,0,0.0,0.0,346,7,42,4,1,3,1,0,35,0,train,2,4,4,10,At Risk,1
CUST01223,2025-09-30,Tier 1,18-24,Instagram,Gold,Hair Care,No,118,3,1444.4,0.0,0.387,3.0,3,0,0.0,0.0,386,1,4,0,0,0,0,0,29,1,train,2,4,4,10,At Risk,1
CUST01161,2025-09-30,Tier 2,45+,Influencer,Gold,Skin Care,No,154,2,1442.53,0.5,0.28,2.5,2,0,0.0,0.0,384,5,24,1,1,1,0,0,31,1,train,1,3,4,8,At Risk,1
CUST02007,2025-09-30,Tier 2,45+,Organic,Platinum,Skin Care,Yes,152,2,1436.89,0.0,0.125,2.0,2,0,0.0,0.0,604,5,15,1,1,1,2,1,33,1,train,1,3,4,8,At Risk,1
CUST02184,2025-09-30,Tier 1,35-44,Google Search,,Skin Care,Yes,110,2,1434.1,0.0,0.385,3.5,2,0,0.0,0.0,184,2,12,0,0,0,0,0,22,1,validation,2,3,4,9,At Risk,1
CUST02158,2025-09-30,Tier 1,35-44,Organic,Silver,Skin Care,Yes,101,3,1429.2,0.0,0.38,3.67,3,0,0.0,0.0,550,3,9,1,0,0,4,2,0,1,test,2,4,4,10,At Risk,1
CUST01450,2025-09-30,Tier 2,25-34,Referral,Silver,Hair Care,Yes,126,2,1429.2,0.5,0.105,2.5,2,0,0.0,0.0,615,2,7,0,0,0,0,0,33,1,train,2,3,4,9,At Risk,1
CUST01326,2025-09-30,Tier 2,35-44,Google Search,,Fragrance,No,131,1,1411.39,0.0,0.29,5.0,1,0,0.0,0.0,238,3,14,0,0,0,0,0,23,1,train,2,2,4,8,At Risk,1
CUST01587,2025-09-30,Tier 3,45+,Marketplace,,Skin Care,No,129,2,1403.63,0.0,0.39,2.5,2,0,0.0,0.0,353,10,32,4,0,1,0,0,39,1,train,2,3,4,9,At Risk,1
CUST01870,2025-09-30,Tier 1,25-34,Instagram,,Fragrance,Yes,91,2,1401.02,0.0,0.3,4.5,1,0,0.0,0.0,438,9,39,4,1,1,4,1,7,0,test,2,3,4,9,At Risk,1
CUST01659,2025-09-30,Tier 1,45+,Instagram,,Hair Care,Yes,98,2,1400.57,0.0,0.26,4.5,2,0,0.0,0.0,295,8,23,4,1,1,1,0,13,0,test,2,3,4,9,At Risk,1
CUST00792,2025-09-30,Tier 1,18-24,Google Search,Platinum,Skin Care,Yes,148,1,1395.21,0.0,0.18,5.0,1,0,0.0,0.0,603,4,24,1,1,0,0,0,39,1,test,1,2,4,7,At Risk,1
CUST01836,2025-09-30,Tier 2,25-34,Google Search,,Wellness,Yes,125,2,1392.01,0.0,0.34,4.5,2,0,0.0,0.0,558,12,67,3,1,1,7,1,19,1,validation,2,3,4,9,At Risk,1
CUST01248,2025-09-30,Tier 2,25-34,Instagram,,Fragrance,Yes,103,1,1386.38,0.0,0.31,5.0,1,0,0.0,0.0,129,5,28,0,1,0,3,1,15,0,validation,2,2,4,8,At Risk,1
CUST00961,2025-09-30,Tier 2,35-44,Google Search,,Skin Care,No,151,2,1378.71,0.0,0.325,4.5,2,0,0.0,0.0,498,2,6,0,0,0,0,0,43,0,validation,1,3,4,8,At Risk,1
CUST00622,2025-09-30,Tier 1,45+,Referral,,Baby Care,Yes,180,1,1369.13,0.0,0.18,4.0,1,0,0.0,0.0,341,1,5,0,0,0,6,3,41,1,train,1,2,4,7,At Risk,1
CUST01490,2025-09-30,Tier 1,25-34,Marketplace,Silver,Skin Care,No,122,2,1360.72,0.0,0.285,4.0,2,0,0.0,0.0,491,3,9,1,0,0,0,0,39,1,train,2,3,4,9,At Risk,1
CUST00317,2025-09-30,Tier 3,25-34,Google Search,,Skin Care,No,100,1,1353.24,0.0,0.19,3.0,1,0,0.0,0.0,199,8,43,2,2,1,0,0,25,1,test,2,2,4,8,At Risk,1
CUST01614,2025-09-30,Tier 2,18-24,Google Search,,Wellness,No,103,2,1352.11,0.5,0.3,4.0,2,0,0.0,0.0,529,4,17,2,1,1,0,0,4,0,test,2,3,4,9,At Risk,1
CUST01575,2025-09-30,Tier 3,25-34,Instagram,,Hair Care,Yes,165,1,1350.03,0.0,0.14,3.0,1,0,0.0,0.0,370,1,3,0,0,0,1,0,42,1,train,1,2,4,7,At Risk,1
CUST01711,2025-09-30,Tier 1,25-34,Google Search,,Skin Care,Yes,110,2,1341.5,0.0,0.155,4.0,2,0,0.0,0.0,445,2,11,0,0,0,6,2,27,0,train,2,3,4,9,At Risk,1
CUST02216,2025-09-30,Tier 3,25-34,Google Search,Silver,Hair Care,Yes,90,1,1336.58,0.0,0.38,4.0,1,1,1.0,52.7,498,4,22,1,1,1,2,1,16,1,train,2,2,4,8,At Risk,1
CUST01842,2025-09-30,Tier 1,45+,Google Search,,Hair Care,Yes,161,1,1332.91,0.0,0.32,5.0,1,0,0.0,0.0,305,0,0,0,0,0,5,1,31,1,validation,1,2,4,7,At Risk,1
CUST01005,2025-09-30,Tier 1,25-34,Marketplace,,Skin Care,Yes,144,1,1329.67,0.0,0.18,4.0,1,0,0.0,0.0,252,4,13,1,1,0,2,0,19,1,train,2,2,4,8,At Risk,1
CUST00335,2025-09-30,Tier 2,45+,Instagram,,Skin Care,Yes,148,2,1328.14,0.0,0.38,3.5,1,0,0.0,0.0,517,7,40,1,1,0,3,1,22,0,test,1,3,4,8,At Risk,1
CUST00729,2025-09-30,Tier 2,35-44,Instagram,,Hair Care,Yes,140,1,1324.83,0.0,0.38,3.0,1,0,0.0,0.0,196,1,5,0,0,0,5,1,42,1,train,2,2,4,8,At Risk,1
CUST00752,2025-09-30,Tier 2,25-34,Referral,,Wellness,Yes,97,2,1319.55,0.0,0.235,4.0,2,0,0.0,0.0,187,2,8,1,0,0,0,0,33,1,validation,2,3,4,9,At Risk,1
CUST01559,2025-09-30,Tier 1,35-44,Google Search,,Baby Care,Yes,93,3,1317.97,0.333,0.347,4.0,3,1,0.0,36.9,450,5,20,3,1,2,5,2,8,1,train,2,4,4,10,At Risk,1
CUST01768,2025-09-30,Tier 1,35-44,Referral,,Baby Care,Yes,101,2,1316.76,0.0,0.145,3.0,1,0,0.0,0.0,620,10,52,2,2,0,8,3,28,0,train,2,3,4,9,At Risk,1
CUST01130,2025-09-30,Tier 1,35-44,Marketplace,,Makeup,No,99,2,1316.25,0.0,0.46,5.0,2,0,0.0,0.0,411,6,33,2,1,1,0,0,27,1,train,2,3,4,9,At Risk,1
CUST01675,2025-09-30,Tier 2,25-34,Organic,Silver,Skin Care,Yes,132,2,1309.95,0.0,0.29,1.0,2,0,0.0,0.0,185,3,12,1,0,1,0,0,35,1,train,2,3,4,9,At Risk,1
CUST01667,2025-09-30,Tier 3,25-34,Marketplace,Silver,Skin Care,Yes,136,2,1307.77,0.0,0.36,4.0,1,0,0.0,0.0,167,12,41,6,3,1,8,2,27,1,train,2,3,4,9,At Risk,1
CUST01854,2025-09-30,Tier 2,25-34,Influencer,,Fragrance,Yes,150,2,1301.87,0.0,0.42,3.5,2,0,0.0,0.0,181,5,26,0,1,0,0,0,19,1,test,1,3,4,8,At Risk,1
CUST00465,2025-09-30,Tier 2,35-44,Google Search,,Skin Care,Yes,177,1,1298.74,0.0,0.37,4.0,1,0,0.0,0.0,231,3,13,1,0,1,2,1,34,1,train,1,2,4,7,At Risk,1
CUST02163,2025-09-30,Tier 1,18-24,Marketplace,,Makeup,Yes,123,2,1297.52,0.5,0.355,4.5,2,0,0.0,0.0,295,1,6,0,0,0,0,0,46,1,train,2,3,4,9,At Risk,1
CUST00673,2025-09-30,Tier 3,45+,Referral,Silver,Baby Care,Yes,118,1,1297.2,0.0,0.36,2.0,1,0,0.0,0.0,175,1,3,0,0,0,2,1,28,1,train,2,2,4,8,At Risk,1
CUST00473,2025-09-30,Tier 1,25-34,Marketplace,Silver,Makeup,Yes,121,2,1291.76,0.5,0.3,3.0,2,0,0.0,0.0,527,0,0,0,0,0,0,0,25,1,train,2,3,4,9,At Risk,1
CUST00084,2025-09-30,Tier 1,25-34,Google Search,Silver,Skin Care,Yes,167,1,1273.18,0.0,0.12,5.0,1,0,0.0,0.0,255,11,60,5,1,2,3,1,34,1,train,1,2,4,7,At Risk,1
CUST00130,2025-09-30,Tier 1,25-34,Organic,Gold,Skin Care,Yes,88,1,1272.47,0.0,0.48,4.0,1,0,0.0,0.0,258,9,36,1,0,0,5,0,12,0,train,2,2,4,8,At Risk,1
CUST01543,2025-09-30,Tier 3,18-24,Referral,Silver,Skin Care,Yes,131,1,1270.64,0.0,0.3,5.0,1,0,0.0,0.0,147,8,25,3,1,1,7,2,31,1,train,2,2,4,8,At Risk,1
CUST00117,2025-09-30,Tier 1,18-24,Marketplace,Silver,Baby Care,No,123,2,1268.88,0.0,0.28,3.5,2,0,0.0,0.0,533,2,7,1,0,0,0,0,27,1,train,2,3,4,9,At Risk,1
CUST00858,2025-09-30,Tier 2,18-24,Instagram,Silver,Wellness,No,90,2,1268.61,0.0,0.27,3.5,2,0,0.0,0.0,341,1,4,0,0,0,0,0,13,1,test,2,3,4,9,At Risk,1
CUST01795,2025-09-30,Tier 2,25-34,Google Search,,Wellness,Yes,89,1,1266.99,0.0,0.17,4.0,1,1,0.0,18.5,136,7,23,1,2,0,3,1,12,1,train,2,2,4,8,At Risk,1
CUST00213,2025-09-30,Tier 3,25-34,Organic,,Hair Care,No,86,1,1266.34,1.0,0.09,4.0,1,1,1.0,23.6,543,2,9,0,0,0,0,0,15,1,train,2,2,4,8,At Risk,1
CUST01364,2025-09-30,Tier 1,18-24,Marketplace,Silver,Fragrance,No,148,1,1261.0,0.0,0.2,4.0,1,0,0.0,0.0,289,3,8,1,1,1,0,0,35,1,train,1,2,4,7,At Risk,1
CUST00483,2025-09-30,Tier 1,25-34,Marketplace,Gold,Makeup,No,107,2,1258.46,0.0,0.29,5.0,2,0,0.0,0.0,469,3,10,1,1,1,0,0,10,0,train,2,3,4,9,At Risk,1
CUST01927,2025-09-30,Tier 3,25-34,Google Search,Platinum,Skin Care,Yes,163,1,1254.25,0.0,0.37,4.0,1,0,0.0,0.0,543,1,5,0,0,0,2,1,25,1,train,1,2,4,7,At Risk,1
CUST01074,2025-09-30,Tier 3,35-44,Organic,Gold,Skin Care,No,114,2,1253.47,0.0,0.16,3.0,2,0,0.0,0.0,525,12,61,4,3,3,0,0,18,1,train,2,3,4,9,At Risk,1
CUST00912,2025-09-30,Tier 2,35-44,Google Search,,Baby Care,Yes,138,1,1252.31,0.0,0.31,5.0,1,0,0.0,0.0,247,0,0,0,0,0,5,2,35,1,train,2,2,4,8,At Risk,1
CUST01590,2025-09-30,Tier 2,35-44,Referral,,Skin Care,Yes,129,2,1250.94,0.0,0.19,4.5,2,0,0.0,0.0,262,8,31,3,1,2,4,0,29,1,train,2,3,4,9,At Risk,1
CUST00993,2025-09-30,Tier 3,25-34,Organic,,Fragrance,No,164,1,1246.69,0.0,0.0,5.0,1,0,0.0,0.0,599,1,3,1,0,0,0,0,39,1,validation,1,2,4,7,At Risk,1
CUST01370,2025-09-30,Tier 2,18-24,Organic,,Skin Care,No,161,2,1246.04,0.0,0.215,4.0,2,0,0.0,0.0,225,2,6,1,0,0,0,0,35,0,test,1,3,4,8,At Risk,1
CUST02248,2025-09-30,Tier 1,25-34,Referral,,Skin Care,Yes,93,1,1245.24,0.0,0.2,5.0,1,0,0.0,0.0,119,2,6,0,0,0,3,0,17,1,test,2,2,4,8,At Risk,1
CUST02280,2025-09-30,Tier 3,25-34,Organic,,Wellness,Yes,145,1,1244.85,0.0,0.43,3.0,1,0,0.0,0.0,199,8,31,4,2,1,2,1,32,1,train,2,2,4,8,At Risk,1
CUST01237,2025-09-30,Tier 2,25-34,Marketplace,,Skin Care,Yes,103,2,1243.5,0.0,0.325,4.0,2,0,0.0,0.0,342,1,3,0,0,0,2,0,10,1,train,2,3,4,9,At Risk,1
CUST00101,2025-09-30,Tier 3,35-44,Marketplace,,Baby Care,Yes,108,2,1240.21,0.0,0.255,4.5,2,0,0.0,0.0,594,2,6,1,0,1,0,0,27,1,train,2,3,4,9,At Risk,1
CUST00910,2025-09-30,Tier 3,18-24,Marketplace,,Fragrance,Yes,127,1,1239.32,0.0,0.39,4.0,1,0,0.0,0.0,534,3,13,0,1,0,4,1,22,1,train,2,2,4,8,At Risk,1
CUST01007,2025-09-30,Tier 1,25-34,Google Search,Silver,Hair Care,Yes,86,2,1237.64,0.0,0.235,4.0,2,0,0.0,0.0,329,5,22,2,1,1,8,2,9,0,train,2,3,4,9,At Risk,1
CUST00415,2025-09-30,Tier 1,25-34,Google Search,,Skin Care,Yes,120,1,1236.13,0.0,0.21,5.0,1,0,0.0,0.0,547,1,3,0,0,0,5,2,11,1,train,2,2,4,8,At Risk,1
CUST00219,2025-09-30,Tier 1,35-44,Organic,Silver,Makeup,Yes,154,2,1225.24,0.0,0.47,4.5,2,0,0.0,0.0,340,3,8,1,1,1,6,1,30,1,train,1,3,4,8,At Risk,1
CUST01138,2025-09-30,Tier 2,18-24,Marketplace,Gold,Makeup,No,134,2,1225.17,0.0,0.275,5.0,2,0,0.0,0.0,377,2,8,1,0,0,0,0,37,1,train,2,3,4,9,At Risk,1
CUST00202,2025-09-30,Tier 1,25-34,Referral,,Skin Care,Yes,141,1,1220.26,0.0,0.33,5.0,1,0,0.0,0.0,144,9,52,5,1,2,2,1,40,0,train,2,2,4,8,At Risk,1
CUST01273,2025-09-30,Tier 3,35-44,Instagram,,Hair Care,Yes,149,1,1219.74,0.0,0.37,5.0,1,0,0.0,0.0,389,1,5,0,0,0,2,0,22,1,test,1,2,4,7,At Risk,1
CUST01461,2025-09-30,Tier 3,35-44,Google Search,Silver,Fragrance,No,107,2,1214.31,0.0,0.29,4.5,2,0,0.0,0.0,448,3,17,1,0,1,0,0,35,0,validation,2,3,4,9,At Risk,1
CUST01310,2025-09-30,Tier 3,45+,Referral,,Skin Care,Yes,139,2,1213.35,0.0,0.405,3.0,2,0,0.0,0.0,597,8,38,1,0,0,6,1,19,0,train,2,3,4,9,At Risk,1
CUST02210,2025-09-30,Tier 1,35-44,Marketplace,Silver,Wellness,Yes,154,1,1211.39,0.0,0.15,2.0,1,0,0.0,0.0,264,1,3,0,0,0,0,0,23,1,validation,1,2,4,7,At Risk,1
CUST01090,2025-09-30,Tier 1,45+,Google Search,,Baby Care,Yes,144,2,1200.77,0.0,0.21,2.5,2,0,0.0,0.0,171,1,4,0,0,0,0,0,35,1,validation,2,3,4,9,At Risk,1
CUST00888,2025-09-30,Tier 3,18-24,Google Search,,Baby Care,Yes,108,1,1200.57,0.0,0.36,4.0,1,0,0.0,0.0,238,0,0,0,0,0,3,1,23,1,train,2,2,4,8,At Risk,1
CUST01544,2025-09-30,Tier 2,25-34,Marketplace,,Makeup,Yes,113,2,1196.51,0.0,0.37,4.5,2,0,0.0,0.0,523,11,65,2,2,1,4,2,29,0,train,2,3,4,9,At Risk,1
CUST01973,2025-09-30,Tier 2,25-34,Google Search,,Wellness,Yes,89,1,1195.4,0.0,0.17,5.0,1,0,0.0,0.0,561,18,104,10,3,2,5,2,23,0,train,2,2,4,8,At Risk,1
CUST00162,2025-09-30,Tier 3,18-24,Instagram,Gold,Hair Care,No,91,2,1194.59,0.0,0.29,3.5,1,0,0.0,0.0,171,2,12,0,0,0,0,0,28,1,train,2,3,4,9,At Risk,1
CUST01616,2025-09-30,Tier 1,18-24,Marketplace,,Skin Care,Yes,160,1,1177.41,0.0,0.19,4.0,1,0,0.0,0.0,457,4,22,0,1,0,6,2,17,1,train,1,2,3,6,At Risk,1
CUST02094,2025-09-30,Tier 2,25-34,Organic,Gold,Baby Care,Yes,96,2,1171.49,0.0,0.07,3.5,2,0,0.0,0.0,140,1,4,0,0,0,1,0,33,1,train,2,3,3,8,At Risk,1
CUST00088,2025-09-30,Tier 2,45+,Organic,Gold,Makeup,Yes,98,2,1169.14,0.0,0.43,4.5,2,0,0.0,0.0,588,9,29,2,1,1,1,0,18,1,test,2,3,3,8,At Risk,1
CUST02039,2025-09-30,Tier 3,35-44,Instagram,,Skin Care,Yes,160,2,1167.28,0.0,0.38,4.5,2,0,0.0,0.0,388,0,0,0,0,0,5,0,18,1,train,1,3,3,7,At Risk,1
CUST01017,2025-09-30,Tier 1,18-24,Influencer,,Skin Care,Yes,133,2,1167.28,0.5,0.235,3.0,2,0,0.0,0.0,455,3,16,0,1,0,1,0,13,0,test,2,3,3,8,At Risk,1
CUST01287,2025-09-30,Tier 2,18-24,Influencer,,Skin Care,Yes,89,2,1153.33,0.0,0.46,4.5,2,0,0.0,0.0,453,3,9,1,0,1,4,0,14,0,test,2,3,3,8,At Risk,1
CUST02168,2025-09-30,Tier 1,25-34,Google Search,,Skin Care,Yes,165,1,1152.66,1.0,0.27,5.0,1,0,0.0,0.0,268,8,31,2,2,1,3,1,30,1,validation,1,2,3,6,At Risk,1
CUST00111,2025-09-30,Tier 2,25-34,Google Search,Silver,Skin Care,Yes,178,1,1135.09,0.0,0.23,5.0,1,0,0.0,0.0,204,3,14,0,0,0,1,0,33,1,test,1,2,3,6,At Risk,1
CUST02144,2025-09-30,Tier 2,18-24,Organic,Silver,Wellness,Yes,173,1,1131.2,0.0,0.26,5.0,1,0,0.0,0.0,250,0,0,0,0,0,0,0,40,0,train,1,2,3,6,At Risk,1
CUST00297,2025-09-30,Tier 2,18-24,Marketplace,Platinum,Skin Care,Yes,154,1,1130.29,0.0,0.16,2.0,1,0,0.0,0.0,214,13,41,1,3,1,6,2,30,1,train,1,2,3,6,At Risk,1
CUST02270,2025-09-30,Tier 3,25-34,Google Search,,Skin Care,Yes,91,2,1121.39,0.0,0.125,4.5,2,0,0.0,0.0,556,14,52,2,1,1,3,1,13,0,train,2,3,3,8,At Risk,1
CUST01802,2025-09-30,Tier 2,35-44,Instagram,Silver,Wellness,No,139,2,1118.66,0.0,0.235,5.0,2,0,0.0,0.0,318,3,11,0,0,0,0,0,14,1,train,2,3,3,8,At Risk,1
CUST01743,2025-09-30,Tier 2,25-34,Google Search,Platinum,Makeup,Yes,90,2,1117.05,0.0,0.245,5.0,2,1,0.0,3.5,304,6,28,1,1,0,3,0,14,0,train,2,3,3,8,At Risk,1
CUST00321,2025-09-30,Tier 2,25-34,Organic,Silver,Baby Care,Yes,116,2,1114.17,0.0,0.31,3.0,2,0,0.0,0.0,600,1,5,0,0,0,4,2,20,1,validation,2,3,3,8,At Risk,1
CUST02062,2025-09-30,Tier 3,25-34,Instagram,Silver,Skin Care,No,161,1,1113.22,0.0,0.24,4.0,1,0,0.0,0.0,363,0,0,0,0,0,0,0,22,1,train,1,2,3,6,At Risk,1
CUST02368,2025-09-30,Tier 1,25-34,Instagram,Silver,Wellness,No,157,1,1107.44,0.0,0.27,4.0,1,0,0.0,0.0,404,2,8,0,1,0,0,0,33,1,train,1,2,3,6,At Risk,1
CUST02099,2025-09-30,Tier 3,25-34,Organic,Silver,Hair Care,Yes,107,1,1106.31,0.0,0.47,5.0,1,0,0.0,0.0,493,2,5,1,1,0,2,1,25,1,train,2,2,3,7,At Risk,1
CUST02347,2025-09-30,Tier 1,35-44,Marketplace,,Makeup,Yes,92,1,1102.94,0.0,0.28,2.0,1,0,0.0,0.0,403,3,14,1,1,1,4,2,20,0,train,2,2,3,7,At Risk,1
CUST02271,2025-09-30,Tier 2,25-34,Referral,,Fragrance,Yes,119,1,1102.16,0.0,0.28,4.0,1,0,0.0,0.0,362,4,16,2,1,1,4,2,27,0,train,2,2,3,7,At Risk,1
CUST01803,2025-09-30,Tier 1,35-44,Referral,Silver,Skin Care,No,104,2,1100.86,0.0,0.38,4.0,2,0,0.0,0.0,618,1,5,0,0,0,0,0,15,0,test,2,3,3,8,At Risk,1
CUST01798,2025-09-30,Tier 2,25-34,Instagram,Platinum,Wellness,Yes,103,1,1100.62,0.0,0.15,4.0,1,0,0.0,0.0,427,5,29,2,1,1,2,0,2,1,train,2,2,3,7,At Risk,1
CUST01949,2025-09-30,Tier 2,25-34,Organic,Silver,Skin Care,No,136,1,1097.78,0.0,0.23,3.0,1,0,0.0,0.0,606,9,44,2,1,0,0,0,31,1,test,2,2,3,7,At Risk,1
CUST00288,2025-09-30,Tier 1,45+,Organic,,Skin Care,No,110,2,1096.1,0.0,0.255,4.5,1,0,0.0,0.0,197,1,4,0,0,0,0,0,20,1,train,2,3,3,8,At Risk,1
CUST01220,2025-09-30,Tier 1,45+,Influencer,,Wellness,No,98,1,1095.74,0.0,0.23,2.0,1,0,0.0,0.0,193,1,3,1,0,0,0,0,25,1,train,2,2,3,7,At Risk,1
CUST00753,2025-09-30,Tier 1,25-34,Marketplace,,Hair Care,Yes,143,1,1093.17,0.0,0.16,2.0,1,0,0.0,0.0,331,9,24,5,2,3,0,0,40,1,train,2,2,3,7,At Risk,1
CUST00643,2025-09-30,Tier 3,35-44,Marketplace,Silver,Skin Care,Yes,155,1,1091.34,0.0,0.26,1.0,1,0,0.0,0.0,269,14,74,4,3,2,2,1,33,1,test,1,2,3,6,At Risk,1
CUST02364,2025-09-30,Tier 1,25-34,Google Search,,Skin Care,No,153,2,1091.09,0.0,0.325,3.5,2,0,0.0,0.0,195,1,5,0,0,0,0,0,31,0,validation,1,3,3,7,At Risk,1
CUST00316,2025-09-30,Tier 1,25-34,Google Search,Silver,Skin Care,Yes,97,2,1079.82,0.5,0.32,3.5,2,0,0.0,0.0,318,1,6,0,0,0,7,2,30,1,train,2,3,3,8,At Risk,1
CUST01482,2025-09-30,Tier 1,45+,Influencer,,Skin Care,Yes,158,2,1073.55,0.0,0.29,4.0,2,0,0.0,0.0,467,1,3,0,0,0,4,1,44,1,train,1,3,3,7,At Risk,1
CUST01654,2025-09-30,Tier 2,45+,Marketplace,,Baby Care,Yes,99,1,1073.19,0.0,0.24,5.0,1,0,0.0,0.0,134,2,6,0,0,0,6,2,26,0,train,2,2,3,7,At Risk,1
CUST00227,2025-09-30,Tier 1,35-44,Marketplace,Silver,Skin Care,No,153,1,1070.42,0.0,0.37,5.0,1,0,0.0,0.0,634,0,0,0,0,0,0,0,29,1,train,1,2,3,6,At Risk,1
CUST01214,2025-09-30,Tier 3,25-34,Instagram,Silver,Makeup,No,124,1,1069.42,0.0,0.25,5.0,1,0,0.0,0.0,577,2,12,0,1,0,0,0,31,1,train,2,2,3,7,At Risk,1
CUST02171,2025-09-30,Tier 1,18-24,Referral,,Hair Care,Yes,120,1,1067.07,0.0,0.21,5.0,1,0,0.0,0.0,141,1,4,0,0,0,5,1,11,0,test,2,2,3,7,At Risk,1
CUST02299,2025-09-30,Tier 1,18-24,Organic,,Hair Care,Yes,101,1,1062.37,0.0,0.16,5.0,1,0,0.0,0.0,483,7,28,4,1,2,10,1,19,0,train,2,2,3,7,At Risk,1
CUST01513,2025-09-30,Tier 2,45+,Organic,,Hair Care,Yes,131,1,1062.28,0.0,0.41,3.0,1,0,0.0,0.0,223,0,0,0,0,0,0,0,35,1,train,2,2,3,7,At Risk,1
CUST02273,2025-09-30,Tier 1,25-34,Marketplace,,Makeup,Yes,163,1,1057.96,0.0,0.26,1.0,1,0,0.0,0.0,602,8,43,1,0,1,5,1,39,1,train,1,2,3,6,At Risk,1
CUST01433,2025-09-30,Tier 3,25-34,Instagram,Gold,Fragrance,No,108,2,1057.64,0.5,0.35,3.5,2,0,0.0,0.0,623,8,32,3,2,1,0,0,36,1,train,2,3,3,8,At Risk,1
CUST02011,2025-09-30,Tier 1,35-44,Google Search,,Makeup,No,130,1,1055.41,0.0,0.26,4.0,1,0,0.0,0.0,312,2,10,1,1,0,0,0,27,1,train,2,2,3,7,At Risk,1
CUST00456,2025-09-30,Tier 2,25-34,Referral,,Baby Care,Yes,147,1,1052.09,0.0,0.06,5.0,1,0,0.0,0.0,406,0,0,0,0,0,4,1,37,1,train,2,2,3,7,At Risk,1
CUST00605,2025-09-30,Tier 1,18-24,Google Search,Silver,Baby Care,Yes,160,2,1049.15,0.0,0.135,4.5,2,0,0.0,0.0,432,8,46,3,2,2,3,0,33,1,train,1,3,3,7,At Risk,1
CUST00937,2025-09-30,Tier 2,18-24,Referral,,Skin Care,Yes,126,2,1039.65,0.0,0.165,4.5,2,0,0.0,0.0,392,2,7,1,0,0,8,2,10,1,train,2,3,3,8,At Risk,1
CUST01876,2025-09-30,Tier 2,25-34,Marketplace,,Makeup,No,143,1,1038.71,0.0,0.2,4.0,1,0,0.0,0.0,537,1,4,0,0,0,0,0,27,1,train,2,2,3,7,At Risk,1
CUST02208,2025-09-30,Tier 2,18-24,Marketplace,,Hair Care,Yes,123,1,1036.04,0.0,0.23,5.0,1,0,0.0,0.0,596,0,0,0,0,0,0,0,35,1,train,2,2,3,7,At Risk,1
CUST00137,2025-09-30,Tier 2,25-34,Instagram,Silver,Makeup,Yes,177,2,1035.87,0.0,0.315,4.0,2,0,0.0,0.0,285,4,13,2,1,1,1,0,31,1,test,1,3,3,7,At Risk,1
CUST00549,2025-09-30,Tier 1,35-44,Influencer,Silver,Fragrance,Yes,132,2,1035.57,0.0,0.35,3.5,2,0,0.0,0.0,295,1,3,0,0,0,4,1,31,1,train,2,3,3,8,At Risk,1
CUST01468,2025-09-30,Tier 2,35-44,Google Search,,Skin Care,Yes,166,1,1034.31,0.0,0.38,4.0,1,0,0.0,0.0,310,4,22,2,1,1,0,0,20,1,train,1,2,3,6,At Risk,1
CUST00958,2025-09-30,Tier 1,18-24,Google Search,Silver,Skin Care,Yes,160,2,1033.42,0.0,0.27,4.5,2,0,0.0,0.0,189,2,6,1,0,1,1,0,23,1,train,1,3,3,7,At Risk,1
CUST01046,2025-09-30,Tier 2,35-44,Organic,,Skin Care,Yes,105,1,1032.89,0.0,0.1,4.0,1,0,0.0,0.0,253,1,3,0,0,0,4,0,9,1,train,2,2,3,7,At Risk,1
CUST00786,2025-09-30,Tier 1,18-24,Referral,Silver,Wellness,No,150,1,1030.43,0.0,0.16,4.0,1,0,0.0,0.0,388,1,4,0,0,0,0,0,28,1,validation,1,2,3,6,At Risk,1
CUST00505,2025-09-30,Tier 1,35-44,Influencer,,Skin Care,Yes,125,1,1027.23,0.0,0.21,5.0,1,0,0.0,0.0,396,9,41,4,0,1,3,1,32,0,train,2,2,3,7,At Risk,1
CUST01216,2025-09-30,Tier 3,25-34,Instagram,Silver,Skin Care,Yes,107,1,1022.33,0.0,0.35,5.0,1,0,0.0,0.0,138,10,57,1,2,0,5,2,24,1,train,2,2,3,7,At Risk,1
CUST01744,2025-09-30,Tier 2,25-34,Google Search,,Hair Care,No,111,1,1021.08,0.0,0.37,1.0,1,0,0.0,0.0,129,3,17,1,0,1,0,0,19,0,validation,2,2,3,7,At Risk,1
CUST01359,2025-09-30,Tier 3,18-24,Organic,,Wellness,Yes,106,2,1016.94,0.0,0.345,3.5,2,0,0.0,0.0,509,3,18,1,1,1,3,1,15,1,train,2,3,3,8,At Risk,1
CUST00635,2025-09-30,Tier 3,25-34,Marketplace,Gold,Wellness,Yes,134,1,1016.46,0.0,0.35,5.0,1,0,0.0,0.0,515,1,3,0,0,0,2,1,13,1,test,2,2,3,7,At Risk,1
CUST00365,2025-09-30,Tier 1,25-34,Marketplace,,Skin Care,Yes,158,1,1015.06,0.0,0.21,2.0,1,0,0.0,0.0,166,7,31,3,2,2,0,0,21,1,validation,1,2,3,6,At Risk,1
CUST01405,2025-09-30,Tier 2,25-34,Referral,Gold,Skin Care,No,140,1,1013.03,0.0,0.33,4.0,1,0,0.0,0.0,261,2,5,1,0,0,0,0,20,0,test,2,2,3,7,At Risk,1
CUST00999,2025-09-30,Tier 2,25-34,Organic,Silver,Skin Care,Yes,148,1,1000.1,0.0,0.3,5.0,1,0,0.0,0.0,609,0,0,0,0,0,2,1,28,1,validation,1,2,3,6,At Risk,1
CUST01552,2025-09-30,Tier 2,18-24,Marketplace,Silver,Skin Care,No,108,2,999.14,0.0,0.355,3.0,2,0,0.0,0.0,588,3,11,1,0,0,0,0,19,1,test,2,3,3,8,At Risk,1
CUST00818,2025-09-30,Tier 2,45+,Marketplace,,Skin Care,Yes,147,1,988.84,0.0,0.12,4.0,1,0,0.0,0.0,442,1,6,0,0,0,2,0,36,1,train,2,2,3,7,At Risk,1
CUST00146,2025-09-30,Tier 2,35-44,Instagram,Silver,Makeup,Yes,108,1,986.21,0.0,0.31,5.0,1,0,0.0,0.0,370,4,15,1,1,0,5,1,30,0,train,2,2,3,7,At Risk,1
CUST02198,2025-09-30,Tier 1,18-24,Influencer,Silver,Hair Care,No,96,1,982.89,0.0,0.25,5.0,1,0,0.0,0.0,416,3,15,0,1,0,0,0,28,1,test,2,2,3,7,At Risk,1
CUST01107,2025-09-30,Tier 2,18-24,Google Search,,Makeup,No,91,2,980.07,0.0,0.32,3.5,2,0,0.0,0.0,300,2,10,1,0,0,0,0,20,1,train,2,3,3,8,At Risk,1
CUST00570,2025-09-30,Tier 1,25-34,Referral,,Skin Care,Yes,168,1,976.72,1.0,0.11,1.0,1,0,0.0,0.0,570,0,0,0,0,0,2,1,27,1,test,1,2,3,6,At Risk,1
CUST01334,2025-09-30,Tier 2,25-34,Google Search,,Skin Care,No,160,1,976.5,0.0,0.03,5.0,1,0,0.0,0.0,393,1,5,0,0,0,0,0,39,1,test,1,2,3,6,At Risk,1
CUST01391,2025-09-30,Tier 3,35-44,Marketplace,,Skin Care,Yes,94,1,972.01,0.0,0.2,2.0,1,0,0.0,0.0,470,11,28,1,1,1,3,1,20,0,train,2,2,3,7,At Risk,1
CUST02176,2025-09-30,Tier 1,25-34,Marketplace,,Skin Care,Yes,114,1,971.25,0.0,0.28,5.0,1,0,0.0,0.0,137,8,41,2,1,1,5,2,14,1,train,2,2,3,7,At Risk,1
CUST00585,2025-09-30,Tier 2,25-34,Marketplace,,Hair Care,Yes,113,2,967.27,0.0,0.265,3.5,2,0,0.0,0.0,531,15,45,3,4,1,9,2,9,0,validation,2,3,3,8,At Risk,1
CUST00104,2025-09-30,Tier 1,35-44,Organic,,Makeup,Yes,93,1,955.63,0.0,0.31,5.0,1,0,0.0,0.0,176,3,9,1,0,0,3,0,27,1,validation,2,2,3,7,At Risk,1
CUST00725,2025-09-30,Tier 3,25-34,Influencer,,Hair Care,Yes,141,2,950.51,0.0,0.39,3.0,2,0,0.0,0.0,300,0,0,0,0,0,0,0,37,1,test,2,3,3,8,At Risk,1
CUST01003,2025-09-30,Tier 1,25-34,Google Search,,Baby Care,No,138,1,944.62,0.0,0.32,5.0,1,0,0.0,0.0,404,6,32,3,2,2,0,0,43,1,train,2,2,3,7,At Risk,1
CUST01160,2025-09-30,Tier 1,45+,Marketplace,Silver,Makeup,Yes,166,1,943.21,0.0,0.26,5.0,1,0,0.0,0.0,632,2,7,1,0,0,0,0,32,1,train,1,2,3,6,At Risk,1
CUST01285,2025-09-30,Tier 3,45+,Influencer,,Skin Care,No,124,2,938.91,0.0,0.32,4.0,1,0,0.0,0.0,511,3,8,0,0,0,0,0,36,1,train,2,3,3,8,At Risk,1
CUST01674,2025-09-30,Tier 2,25-34,Influencer,,Fragrance,Yes,116,2,936.21,0.0,0.26,4.5,2,0,0.0,0.0,386,5,29,1,0,0,5,0,29,0,train,2,3,3,8,At Risk,1
CUST00989,2025-09-30,Tier 2,18-24,Referral,,Baby Care,No,158,2,934.14,0.0,0.22,4.5,2,0,0.0,0.0,494,0,0,0,0,0,0,0,47,1,train,1,3,3,7,At Risk,1
CUST00144,2025-09-30,Tier 2,25-34,Google Search,Gold,Skin Care,Yes,86,2,928.58,0.0,0.295,4.5,2,1,1.0,27.5,570,8,32,3,1,0,6,2,17,0,validation,2,3,3,8,At Risk,1
CUST02389,2025-09-30,Tier 2,35-44,Google Search,,Baby Care,Yes,125,2,918.52,0.0,0.26,5.0,2,0,0.0,0.0,622,1,4,0,0,0,0,0,26,1,train,2,3,3,8,At Risk,1
CUST02146,2025-09-30,Tier 1,25-34,Google Search,,Baby Care,Yes,118,1,917.63,0.0,0.23,4.0,1,0,0.0,0.0,186,0,0,0,0,0,1,0,27,1,train,2,2,3,7,At Risk,1
CUST00371,2025-09-30,Tier 2,18-24,Instagram,,Skin Care,No,124,1,912.11,0.0,0.07,3.0,1,0,0.0,0.0,341,4,15,1,0,1,0,0,10,1,train,2,2,3,7,At Risk,1
CUST00431,2025-09-30,Tier 2,18-24,Instagram,Gold,Skin Care,Yes,154,2,903.65,0.0,0.435,4.5,1,0,0.0,0.0,309,1,3,0,0,0,5,1,31,1,train,1,3,3,7,At Risk,1
CUST01352,2025-09-30,Tier 1,18-24,Influencer,,Skin Care,No,123,2,900.07,0.5,0.415,4.0,2,0,0.0,0.0,529,1,3,0,0,0,0,0,31,1,train,2,3,3,8,At Risk,1
CUST01714,2025-09-30,Tier 3,18-24,Influencer,Silver,Makeup,Yes,132,1,894.52,0.0,0.2,5.0,1,0,0.0,0.0,610,0,0,0,0,0,2,0,36,1,validation,2,2,3,7,At Risk,1
CUST00078,2025-09-30,Tier 2,25-34,Referral,,Hair Care,No,139,1,894.45,1.0,0.42,1.0,1,0,0.0,0.0,143,5,13,1,1,0,0,0,38,1,train,2,2,3,7,At Risk,1
CUST00701,2025-09-30,Tier 2,25-34,Referral,Silver,Skin Care,No,122,1,892.63,0.0,0.0,2.0,1,0,0.0,0.0,628,10,25,3,1,1,0,0,26,1,train,2,2,3,7,At Risk,1
CUST01742,2025-09-30,Tier 2,35-44,Organic,,Baby Care,Yes,130,2,890.8,0.0,0.27,3.0,2,0,0.0,0.0,523,13,61,5,2,3,8,3,34,1,train,2,3,3,8,At Risk,1
CUST01953,2025-09-30,Tier 1,35-44,Referral,,Makeup,Yes,176,1,886.28,0.0,0.34,3.0,1,0,0.0,0.0,251,0,0,0,0,0,1,0,38,1,test,1,2,3,6,At Risk,1
CUST01547,2025-09-30,Tier 2,35-44,Google Search,Silver,Hair Care,Yes,99,2,881.65,0.0,0.275,4.5,2,0,0.0,0.0,606,4,23,0,1,0,3,1,16,1,test,2,3,3,8,At Risk,1
CUST00532,2025-09-30,Tier 3,25-34,Instagram,,Skin Care,Yes,118,1,880.45,0.0,0.38,4.0,1,0,0.0,0.0,498,1,3,0,0,0,1,0,24,1,validation,2,2,3,7,At Risk,1
CUST02234,2025-09-30,Tier 2,45+,Referral,Gold,Skin Care,Yes,169,1,880.11,0.0,0.15,4.0,1,0,0.0,0.0,364,5,26,3,1,2,2,0,35,1,validation,1,2,3,6,At Risk,1
CUST01111,2025-09-30,Tier 1,45+,Google Search,,Fragrance,Yes,95,2,876.58,0.0,0.29,3.5,2,1,1.0,26.7,400,1,6,0,0,0,4,1,17,1,train,2,3,3,8,At Risk,1
CUST00185,2025-09-30,Tier 3,35-44,Marketplace,,Wellness,Yes,114,2,866.52,0.0,0.315,4.5,2,0,0.0,0.0,500,11,35,1,1,1,8,1,27,0,train,2,3,3,8,At Risk,1
CUST00839,2025-09-30,Tier 2,35-44,Influencer,,Wellness,Yes,162,2,860.28,0.0,0.2,1.5,2,0,0.0,0.0,245,2,10,0,0,0,3,0,31,1,train,1,3,3,7,At Risk,1
CUST00548,2025-09-30,Tier 1,35-44,Instagram,,Skin Care,Yes,165,1,858.7,0.0,0.28,4.0,1,0,0.0,0.0,244,6,30,3,2,2,3,0,24,0,train,1,2,3,6,At Risk,1
CUST00662,2025-09-30,Tier 3,35-44,Organic,,Skin Care,Yes,124,1,852.96,0.0,0.27,4.0,1,0,0.0,0.0,186,2,10,1,0,0,0,0,28,1,train,2,2,3,7,At Risk,1
CUST01201,2025-09-30,Tier 3,45+,Marketplace,Platinum,Hair Care,No,158,1,842.85,0.0,0.23,4.0,1,0,0.0,0.0,525,7,33,4,1,2,0,0,24,1,train,1,2,3,6,At Risk,1
CUST01299,2025-09-30,Tier 1,35-44,Google Search,,Skin Care,Yes,171,1,840.54,0.0,0.07,2.0,1,0,0.0,0.0,353,8,48,1,2,0,0,0,35,1,test,1,2,3,6,At Risk,1
CUST02222,2025-09-30,Tier 1,18-24,Marketplace,Silver,Skin Care,No,92,1,836.55,1.0,0.06,3.0,1,1,0.0,32.9,248,7,22,2,1,1,0,0,5,1,test,2,2,3,7,At Risk,1
CUST01208,2025-09-30,Tier 2,35-44,Instagram,Silver,Fragrance,Yes,95,2,834.32,0.0,0.33,4.0,2,0,0.0,0.0,289,1,3,0,0,0,4,2,15,0,train,2,3,3,8,At Risk,1
CUST02174,2025-09-30,Tier 3,35-44,Google Search,,Fragrance,Yes,139,2,832.17,0.0,0.41,4.0,1,0,0.0,0.0,534,12,32,3,1,1,6,2,30,0,train,2,3,3,8,At Risk,1
CUST01219,2025-09-30,Tier 1,25-34,Google Search,,Wellness,Yes,86,2,832.04,0.0,0.35,4.5,1,1,1.0,50.1,361,5,15,1,0,0,1,0,20,0,train,2,3,3,8,At Risk,1
CUST01568,2025-09-30,Tier 1,25-34,Instagram,,Fragrance,Yes,178,1,831.95,0.0,0.14,3.0,1,0,0.0,0.0,346,2,9,1,0,0,2,0,31,1,test,1,2,3,6,At Risk,1
CUST01114,2025-09-30,Tier 1,25-34,Referral,,Fragrance,No,147,1,831.94,0.0,0.34,4.0,1,0,0.0,0.0,149,1,4,0,0,0,0,0,29,1,train,2,2,3,7,At Risk,1
CUST00206,2025-09-30,Tier 3,35-44,Instagram,Gold,Makeup,Yes,118,2,831.29,0.0,0.375,4.0,2,0,0.0,0.0,541,7,23,1,1,0,6,2,38,1,train,2,3,3,8,At Risk,1
CUST02353,2025-09-30,Tier 3,18-24,Google Search,,Hair Care,Yes,150,1,828.36,0.0,0.33,4.0,1,0,0.0,0.0,459,6,32,3,1,1,7,1,24,0,train,1,2,3,6,At Risk,1
CUST01963,2025-09-30,Tier 2,25-34,Referral,,Makeup,Yes,113,1,827.54,0.0,0.23,4.0,1,0,0.0,0.0,114,6,16,2,0,1,3,0,30,1,train,2,2,3,7,At Risk,1
CUST01396,2025-09-30,Tier 1,25-34,Google Search,,Baby Care,Yes,127,1,826.44,0.0,0.35,2.0,1,0,0.0,0.0,309,2,9,0,0,0,2,0,21,1,test,2,2,3,7,At Risk,1
CUST02190,2025-09-30,Tier 3,25-34,Organic,,Baby Care,Yes,101,2,818.83,0.0,0.445,4.0,2,0,0.0,0.0,340,2,7,1,0,0,2,1,17,0,train,2,3,3,8,At Risk,1
CUST01644,2025-09-30,Tier 1,25-34,Organic,,Hair Care,Yes,118,2,818.79,0.5,0.195,2.5,2,0,0.0,0.0,505,5,18,1,1,1,6,3,8,1,train,2,3,3,8,At Risk,1
CUST02095,2025-09-30,Tier 3,25-34,Google Search,Silver,Baby Care,Yes,163,1,812.55,0.0,0.27,5.0,1,0,0.0,0.0,313,0,0,0,0,0,5,1,29,0,train,1,2,3,6,At Risk,1
CUST00158,2025-09-30,Tier 3,25-34,Instagram,,Skin Care,Yes,155,1,812.34,0.0,0.25,5.0,1,0,0.0,0.0,236,8,33,4,2,1,6,1,32,1,train,1,2,3,6,At Risk,1
CUST01545,2025-09-30,Tier 1,18-24,Marketplace,Gold,Hair Care,Yes,106,1,806.94,0.0,0.16,3.0,1,0,0.0,0.0,221,4,14,2,1,1,2,0,28,1,train,2,2,3,7,At Risk,1
CUST00083,2025-09-30,Tier 2,45+,Marketplace,,Skin Care,No,89,2,806.87,0.5,0.335,3.5,1,1,1.0,11.0,194,9,43,2,1,1,0,0,17,1,train,2,3,3,8,At Risk,1
CUST01947,2025-09-30,Tier 3,25-34,Google Search,Silver,Wellness,Yes,123,2,806.74,0.0,0.255,4.5,2,0,0.0,0.0,626,6,25,1,1,0,2,1,20,1,train,2,3,3,8,At Risk,1
CUST00693,2025-09-30,Tier 3,18-24,Organic,Gold,Makeup,Yes,147,1,804.56,0.0,0.27,4.0,1,0,0.0,0.0,572,0,0,0,0,0,3,0,5,1,train,2,2,3,7,At Risk,1
CUST01948,2025-09-30,Tier 2,18-24,Referral,,Baby Care,Yes,170,1,802.25,0.0,0.43,3.0,1,0,0.0,0.0,344,3,9,1,1,0,1,0,47,1,train,1,2,3,6,At Risk,1
CUST00872,2025-09-30,Tier 3,25-34,Influencer,Silver,Makeup,Yes,125,1,799.03,0.0,0.16,4.0,1,0,0.0,0.0,490,6,27,3,1,2,8,2,24,1,train,2,2,3,7,At Risk,1
CUST00861,2025-09-30,Tier 3,18-24,Referral,Platinum,Makeup,Yes,170,1,798.67,0.0,0.09,5.0,1,0,0.0,0.0,623,3,12,1,0,0,4,2,29,1,train,1,2,3,6,At Risk,1
CUST01446,2025-09-30,Tier 1,35-44,Referral,Gold,Wellness,No,132,1,789.48,0.0,0.03,5.0,1,0,0.0,0.0,382,5,27,2,0,1,0,0,21,1,train,2,2,3,7,At Risk,1
CUST01730,2025-09-30,Tier 1,35-44,Google Search,Gold,Makeup,Yes,120,2,788.7,0.0,0.54,5.0,2,0,0.0,0.0,381,7,28,2,1,1,6,3,15,1,train,2,3,3,8,At Risk,1
CUST02129,2025-09-30,Tier 1,18-24,Instagram,,Wellness,No,90,1,787.79,0.0,0.18,4.0,1,0,0.0,0.0,107,2,6,1,0,0,0,0,18,1,train,2,2,3,7,At Risk,1
CUST01418,2025-09-30,Tier 3,25-34,Instagram,Gold,Skin Care,Yes,176,1,785.78,0.0,0.31,4.0,1,0,0.0,0.0,269,10,37,1,1,1,9,1,35,1,train,1,2,3,6,At Risk,1
CUST01387,2025-09-30,Tier 2,25-34,Instagram,,Wellness,No,128,1,785.68,0.0,0.27,4.0,1,0,0.0,0.0,584,2,9,0,1,0,0,0,30,1,test,2,2,3,7,At Risk,1
CUST00035,2025-09-30,Tier 2,18-24,Google Search,Silver,Hair Care,Yes,127,1,779.74,0.0,0.12,4.0,1,0,0.0,0.0,367,6,25,2,1,1,8,0,25,1,train,2,2,3,7,At Risk,1
CUST00845,2025-09-30,Tier 2,25-34,Referral,,Makeup,Yes,96,1,777.67,0.0,0.56,2.0,1,1,1.0,8.3,403,4,12,1,1,0,2,0,20,1,validation,2,2,3,7,At Risk,1
CUST01034,2025-09-30,Tier 1,18-24,Instagram,Silver,Skin Care,Yes,100,1,777.18,0.0,0.18,2.0,1,0,0.0,0.0,628,9,27,2,3,1,5,2,22,0,train,2,2,3,7,At Risk,1
CUST02092,2025-09-30,Tier 2,25-34,Marketplace,Gold,Makeup,No,174,1,776.3,0.0,0.46,5.0,1,0,0.0,0.0,409,2,9,0,0,0,0,0,31,1,validation,1,2,3,6,At Risk,1
CUST01532,2025-09-30,Tier 2,35-44,Marketplace,Platinum,Wellness,Yes,159,1,776.24,0.0,0.25,2.0,1,0,0.0,0.0,616,6,26,0,2,0,3,1,29,1,train,1,2,3,6,At Risk,1
CUST01127,2025-09-30,Tier 3,25-34,Referral,,Makeup,No,130,2,774.69,0.0,0.325,5.0,2,0,0.0,0.0,448,1,5,0,0,0,0,0,23,1,train,2,3,3,8,At Risk,1
CUST00859,2025-09-30,Tier 2,45+,Influencer,Silver,Baby Care,Yes,169,1,769.89,0.0,0.3,5.0,1,0,0.0,0.0,474,10,32,4,1,1,5,2,36,1,train,1,2,3,6,At Risk,1
CUST00313,2025-09-30,Tier 1,35-44,Organic,,Skin Care,Yes,162,1,769.77,0.0,0.33,3.0,1,0,0.0,0.0,410,16,54,1,2,1,2,0,37,1,validation,1,2,3,6,At Risk,1
CUST01052,2025-09-30,Tier 3,25-34,Marketplace,Gold,Wellness,No,173,1,763.75,0.0,0.05,5.0,1,0,0.0,0.0,177,7,39,3,0,2,0,0,42,1,train,1,2,3,6,At Risk,1
CUST00604,2025-09-30,Tier 1,25-34,Instagram,,Fragrance,Yes,90,1,761.72,0.0,0.18,5.0,1,0,0.0,0.0,397,2,8,0,0,0,5,1,16,0,train,2,2,3,7,At Risk,1
CUST00223,2025-09-30,Tier 2,25-34,Marketplace,Silver,Skin Care,Yes,103,1,757.58,0.0,0.53,5.0,1,0,0.0,0.0,182,1,6,0,0,0,0,0,20,1,train,2,2,3,7,At Risk,1
CUST00353,2025-09-30,Tier 3,25-34,Instagram,,Hair Care,Yes,118,2,753.92,0.0,0.215,4.0,1,0,0.0,0.0,450,4,22,1,1,0,3,1,27,1,train,2,3,3,8,At Risk,1
CUST00224,2025-09-30,Tier 1,25-34,Organic,,Hair Care,Yes,89,1,747.2,0.0,0.4,5.0,1,0,0.0,0.0,493,1,5,0,0,0,3,1,13,0,train,2,2,3,7,At Risk,1
CUST01171,2025-09-30,Tier 1,25-34,Referral,,Hair Care,Yes,132,1,744.73,0.0,0.51,5.0,1,0,0.0,0.0,202,3,17,1,1,0,0,0,28,0,train,2,2,3,7,At Risk,1
CUST00203,2025-09-30,Tier 3,35-44,Instagram,,Skin Care,Yes,114,2,743.35,0.0,0.39,3.0,2,0,0.0,0.0,198,6,31,3,2,1,2,0,28,1,validation,2,3,3,8,At Risk,1
CUST01755,2025-09-30,Tier 2,18-24,Organic,,Skin Care,Yes,152,1,738.44,0.0,0.09,3.0,1,0,0.0,0.0,562,3,15,1,0,1,0,0,29,1,train,1,2,3,6,At Risk,1
CUST01901,2025-09-30,Tier 1,25-34,Referral,Silver,Fragrance,Yes,163,1,736.42,0.0,0.07,5.0,1,0,0.0,0.0,272,6,35,2,0,1,4,2,32,1,train,1,2,3,6,At Risk,1
CUST02031,2025-09-30,Tier 1,25-34,Organic,,Hair Care,Yes,167,2,734.56,0.0,0.39,1.0,2,0,0.0,0.0,221,2,8,0,1,0,3,0,35,1,train,1,3,3,7,At Risk,1
CUST02236,2025-09-30,Tier 3,25-34,Google Search,,Skin Care,Yes,145,1,734.52,0.0,0.2,5.0,1,0,0.0,0.0,470,1,5,0,0,0,0,0,27,1,train,2,2,3,7,At Risk,1
CUST01277,2025-09-30,Tier 2,25-34,Referral,,Baby Care,Yes,99,1,732.91,0.0,0.34,4.0,1,0,0.0,0.0,477,6,16,2,1,1,5,2,12,1,train,2,2,3,7,At Risk,1
CUST00437,2025-09-30,Tier 2,35-44,Marketplace,Silver,Baby Care,Yes,151,1,729.22,0.0,0.25,4.0,1,0,0.0,0.0,216,0,0,0,0,0,0,0,33,0,test,1,2,3,6,At Risk,1
CUST00634,2025-09-30,Tier 2,25-34,Google Search,,Skin Care,No,118,2,727.14,0.0,0.23,5.0,1,0,0.0,0.0,456,1,5,0,0,0,0,0,32,1,train,2,3,3,8,At Risk,1
CUST02321,2025-09-30,Tier 3,35-44,Google Search,Silver,Fragrance,Yes,172,2,721.34,0.0,0.35,4.5,2,0,0.0,0.0,343,3,17,1,1,0,5,2,18,1,validation,1,3,3,7,At Risk,1
CUST00508,2025-09-30,Tier 3,25-34,Organic,,Skin Care,No,148,1,717.51,0.0,0.13,5.0,1,0,0.0,0.0,299,6,26,2,1,1,0,0,37,0,train,1,2,3,6,At Risk,1
CUST00392,2025-09-30,Tier 1,35-44,Google Search,Silver,Hair Care,Yes,133,1,716.98,0.0,0.39,5.0,1,0,0.0,0.0,356,4,17,1,1,1,4,1,34,1,train,2,2,3,7,At Risk,1
CUST01151,2025-09-30,Tier 3,25-34,Google Search,,Fragrance,Yes,105,1,716.41,0.0,0.04,4.0,1,0,0.0,0.0,338,1,5,0,0,0,2,1,26,1,train,2,2,3,7,At Risk,1
CUST00355,2025-09-30,Tier 2,45+,Google Search,Gold,Wellness,Yes,171,1,715.18,0.0,0.03,5.0,1,0,0.0,0.0,389,4,14,2,0,1,5,2,32,1,train,1,2,3,6,At Risk,1
CUST01835,2025-09-30,Tier 1,35-44,Instagram,Silver,Hair Care,Yes,132,1,710.25,0.0,0.28,4.0,1,0,0.0,0.0,153,15,84,5,3,1,8,2,20,1,train,2,2,3,7,At Risk,1
CUST01407,2025-09-30,Tier 3,25-34,Instagram,Silver,Fragrance,Yes,139,1,709.73,0.0,0.14,5.0,1,0,0.0,0.0,375,3,17,1,0,0,3,0,17,1,test,2,2,3,7,At Risk,1
CUST01549,2025-09-30,Tier 2,25-34,Instagram,,Skin Care,No,167,1,708.07,0.0,0.24,3.0,1,0,0.0,0.0,228,15,65,5,3,1,0,0,45,1,train,1,2,3,6,At Risk,1
CUST01715,2025-09-30,Tier 2,35-44,Marketplace,Platinum,Hair Care,Yes,121,1,703.76,0.0,0.7,2.0,1,0,0.0,0.0,482,4,14,1,1,0,3,1,35,1,train,2,2,3,7,At Risk,1
CUST02028,2025-09-30,Tier 1,25-34,Marketplace,Gold,Skin Care,No,127,1,701.75,0.0,0.07,4.0,1,0,0.0,0.0,309,3,8,1,0,1,0,0,25,1,train,2,2,3,7,At Risk,1
CUST02082,2025-09-30,Tier 2,35-44,Google Search,,Fragrance,No,124,1,701.0,0.0,0.28,3.0,1,0,0.0,0.0,268,1,3,0,0,0,0,0,39,1,train,2,2,3,7,At Risk,1
CUST01686,2025-09-30,Tier 1,25-34,Google Search,,Hair Care,Yes,138,1,699.98,0.0,0.0,5.0,1,0,0.0,0.0,154,0,0,0,0,0,0,0,38,1,train,2,2,3,7,At Risk,1
CUST00979,2025-09-30,Tier 2,25-34,Influencer,Silver,Baby Care,No,103,1,699.31,0.0,0.29,4.0,1,0,0.0,0.0,557,5,23,1,0,0,0,0,28,1,train,2,2,3,7,At Risk,1
CUST01533,2025-09-30,Tier 1,35-44,Instagram,Silver,Hair Care,Yes,167,1,697.43,0.0,0.21,4.0,1,0,0.0,0.0,230,6,34,2,1,0,3,0,22,1,train,1,2,3,6,At Risk,1
CUST01259,2025-09-30,Tier 1,25-34,Organic,Silver,Skin Care,No,94,1,694.35,1.0,0.32,1.0,1,1,1.0,1.0,607,0,0,0,0,0,0,0,10,1,train,2,2,3,7,At Risk,1
CUST01141,2025-09-30,Tier 2,25-34,Marketplace,Silver,Skin Care,Yes,115,1,691.6,0.0,0.19,5.0,1,0,0.0,0.0,141,2,6,1,0,0,1,0,29,1,train,2,2,3,7,At Risk,1
CUST01188,2025-09-30,Tier 3,25-34,Referral,Gold,Skin Care,Yes,92,2,688.52,0.5,0.57,2.0,2,1,1.0,21.0,173,14,35,3,4,1,7,3,8,1,train,2,3,2,7,At Risk,1
CUST01410,2025-09-30,Tier 2,25-34,Google Search,,Fragrance,Yes,146,2,670.94,0.0,0.34,3.5,2,0,0.0,0.0,541,11,59,1,0,0,2,0,18,0,validation,2,3,2,7,At Risk,1
CUST01467,2025-09-30,Tier 2,18-24,Google Search,,Baby Care,Yes,89,2,649.13,0.0,0.29,5.0,1,0,0.0,0.0,122,5,16,2,1,0,0,0,17,1,test,2,3,2,7,At Risk,1
CUST01113,2025-09-30,Tier 1,18-24,Influencer,Silver,Hair Care,Yes,107,2,645.85,0.0,0.445,5.0,2,0,0.0,0.0,514,8,32,3,2,2,0,0,13,0,train,2,3,2,7,At Risk,1
CUST01570,2025-09-30,Tier 1,35-44,Google Search,Silver,Makeup,Yes,144,2,551.33,0.0,0.41,4.5,2,0,0.0,0.0,231,2,5,1,0,1,3,0,34,1,train,2,3,2,7,At Risk,1
CUST00823,2025-09-30,Tier 2,18-24,Instagram,Gold,Baby Care,No,146,2,546.33,0.5,0.345,4.5,1,0,0.0,0.0,443,2,5,1,0,0,0,0,33,1,train,2,3,2,7,At Risk,1
CUST02320,2025-09-30,Tier 2,18-24,Organic,,Skin Care,Yes,97,2,519.24,0.0,0.345,4.5,2,0,0.0,0.0,169,3,10,2,0,0,8,2,15,1,train,2,3,2,7,At Risk,1
CUST01887,2025-09-30,Tier 1,25-34,Instagram,,Wellness,Yes,126,2,358.26,0.0,0.565,4.5,2,0,0.0,0.0,634,1,3,0,0,0,4,1,30,1,train,2,3,1,6,At Risk,1
